seed,n,p,delta,smoothness,sensitivity,test_size,epsilon,method,level,multiplier,grad_sd,nmse,support
8701,25000,105,0.00014530012585117148,0.3284854873775319,0.00016,20000,,"Non-private, same procedure",5.0,0.1,0.0,0.9092270523978804,5
8701,25000,105,0.00014530012585117148,0.3284854873775319,0.00016,20000,,"Non-private, same procedure",20.0,0.1,0.0,0.8581816518336912,20
8701,25000,105,0.00014530012585117148,0.3284854873775319,0.00016,20000,,"Non-private, same procedure",50.0,0.1,0.0,0.8466164349644985,50
8701,25000,105,0.00014530012585117148,0.3284854873775319,0.00016,20000,,"Non-private, same procedure",100.0,0.1,0.0,0.8462091748814292,63
8701,25000,105,0.00014530012585117148,0.3284854873775319,0.00016,20000,,Non-private proximal,,,,0.9072986055047052,6
8701,25000,105,0.00014530012585117148,0.3284854873775319,0.00016,20000,,Constant predictor,,,,1.0430232157075279,0
8701,25000,105,0.00014530012585117148,0.3284854873775319,0.00016,20000,0.95,Thresholded Central-DP Lasso (ours),5.0,0.1,0.02023399877137123,0.9146299731278668,5
8701,25000,105,0.00014530012585117148,0.3284854873775319,0.00016,20000,0.95,Cai et al. DP-IHT,5.0,,0.02023399877137123,0.9450624987184223,5
8701,25000,105,0.00014530012585117148,0.3284854873775319,0.00016,20000,0.95,Thresholded Central-DP Lasso (ours),20.0,0.1,0.02023399877137123,0.8873589391901776,20
8701,25000,105,0.00014530012585117148,0.3284854873775319,0.00016,20000,0.95,Cai et al. DP-IHT,20.0,,0.02023399877137123,0.9822109148103911,20
8701,25000,105,0.00014530012585117148,0.3284854873775319,0.00016,20000,0.95,Thresholded Central-DP Lasso (ours),50.0,0.1,0.02023399877137123,0.8865323345396003,50
8701,25000,105,0.00014530012585117148,0.3284854873775319,0.00016,20000,0.95,Cai et al. DP-IHT,50.0,,0.02023399877137123,1.0341978012023108,50
8701,25000,105,0.00014530012585117148,0.3284854873775319,0.00016,20000,0.95,Thresholded Central-DP Lasso (ours),100.0,0.1,0.02023399877137123,0.8855522525234056,99
8701,25000,105,0.00014530012585117148,0.3284854873775319,0.00016,20000,0.95,Cai et al. DP-IHT,100.0,,0.02023399877137123,1.0602597642319482,100
8701,50000,105,6.778490554679657e-05,0.3279588402142326,8e-05,20000,,"Non-private, same procedure",5.0,0.1,0.0,0.9093812051806456,5
8701,50000,105,6.778490554679657e-05,0.3279588402142326,8e-05,20000,,"Non-private, same procedure",20.0,0.1,0.0,0.8580805696415446,20
8701,50000,105,6.778490554679657e-05,0.3279588402142326,8e-05,20000,,"Non-private, same procedure",50.0,0.1,0.0,0.8460407653296699,50
8701,50000,105,6.778490554679657e-05,0.3279588402142326,8e-05,20000,,"Non-private, same procedure",100.0,0.1,0.0,0.8451562543116745,71
8701,50000,105,6.778490554679657e-05,0.3279588402142326,8e-05,20000,,Non-private proximal,,,,0.8826496159228574,9
8701,50000,105,6.778490554679657e-05,0.3279588402142326,8e-05,20000,,Constant predictor,,,,1.0430207440104275,0
8701,50000,105,6.778490554679657e-05,0.3279588402142326,8e-05,20000,0.95,Thresholded Central-DP Lasso (ours),5.0,0.1,0.01084739331264455,0.9106422709538029,5
8701,50000,105,6.778490554679657e-05,0.3279588402142326,8e-05,20000,0.95,Cai et al. DP-IHT,5.0,,0.01084739331264455,0.9566244266981253,5
8701,50000,105,6.778490554679657e-05,0.3279588402142326,8e-05,20000,0.95,Thresholded Central-DP Lasso (ours),20.0,0.1,0.01084739331264455,0.870907870769714,20
8701,50000,105,6.778490554679657e-05,0.3279588402142326,8e-05,20000,0.95,Cai et al. DP-IHT,20.0,,0.01084739331264455,0.9897138239494931,20
8701,50000,105,6.778490554679657e-05,0.3279588402142326,8e-05,20000,0.95,Thresholded Central-DP Lasso (ours),50.0,0.1,0.01084739331264455,0.8597484747618379,50
8701,50000,105,6.778490554679657e-05,0.3279588402142326,8e-05,20000,0.95,Cai et al. DP-IHT,50.0,,0.01084739331264455,1.0358054255669253,50
8701,50000,105,6.778490554679657e-05,0.3279588402142326,8e-05,20000,0.95,Thresholded Central-DP Lasso (ours),100.0,0.1,0.01084739331264455,0.8584832713669898,100
8701,50000,105,6.778490554679657e-05,0.3279588402142326,8e-05,20000,0.95,Cai et al. DP-IHT,100.0,,0.01084739331264455,1.0281351120007243,100
8701,100000,105,3.162277660168376e-05,0.3282415004782726,4e-05,20000,,"Non-private, same procedure",5.0,0.1,0.0,0.9093336838090235,5
8701,100000,105,3.162277660168376e-05,0.3282415004782726,4e-05,20000,,"Non-private, same procedure",20.0,0.1,0.0,0.8575162463108594,20
8701,100000,105,3.162277660168376e-05,0.3282415004782726,4e-05,20000,,"Non-private, same procedure",50.0,0.1,0.0,0.8456575103779376,50
8701,100000,105,3.162277660168376e-05,0.3282415004782726,4e-05,20000,,"Non-private, same procedure",100.0,0.1,0.0,0.844505799645677,76
8701,100000,105,3.162277660168376e-05,0.3282415004782726,4e-05,20000,,Non-private proximal,,,,0.8709020017922418,17
8701,100000,105,3.162277660168376e-05,0.3282415004782726,4e-05,20000,,Constant predictor,,,,1.0430227809838966,0
8701,100000,105,3.162277660168376e-05,0.3282415004782726,4e-05,20000,0.95,Thresholded Central-DP Lasso (ours),5.0,0.1,0.00578864377856448,0.9081514114292705,5
8701,100000,105,3.162277660168376e-05,0.3282415004782726,4e-05,20000,0.95,Cai et al. DP-IHT,5.0,,0.00578864377856448,0.9165134455792393,5
8701,100000,105,3.162277660168376e-05,0.3282415004782726,4e-05,20000,0.95,Thresholded Central-DP Lasso (ours),20.0,0.1,0.00578864377856448,0.8601039350326405,20
8701,100000,105,3.162277660168376e-05,0.3282415004782726,4e-05,20000,0.95,Cai et al. DP-IHT,20.0,,0.00578864377856448,0.902546373778466,20
8701,100000,105,3.162277660168376e-05,0.3282415004782726,4e-05,20000,0.95,Thresholded Central-DP Lasso (ours),50.0,0.1,0.00578864377856448,0.8511641765185354,50
8701,100000,105,3.162277660168376e-05,0.3282415004782726,4e-05,20000,0.95,Cai et al. DP-IHT,50.0,,0.00578864377856448,0.9088883794625767,50
8701,100000,105,3.162277660168376e-05,0.3282415004782726,4e-05,20000,0.95,Thresholded Central-DP Lasso (ours),100.0,0.1,0.00578864377856448,0.8492829399684825,100
8701,100000,105,3.162277660168376e-05,0.3282415004782726,4e-05,20000,0.95,Cai et al. DP-IHT,100.0,,0.00578864377856448,0.9810403667083655,100
8701,200000,105,1.4752546926684579e-05,0.32826046799736575,2e-05,20000,,"Non-private, same procedure",5.0,0.1,0.0,0.9092399798764774,5
8701,200000,105,1.4752546926684579e-05,0.32826046799736575,2e-05,20000,,"Non-private, same procedure",20.0,0.1,0.0,0.8573744114893146,20
8701,200000,105,1.4752546926684579e-05,0.32826046799736575,2e-05,20000,,"Non-private, same procedure",50.0,0.1,0.0,0.8454610877547689,50
8701,200000,105,1.4752546926684579e-05,0.32826046799736575,2e-05,20000,,"Non-private, same procedure",100.0,0.1,0.0,0.8441725769257288,77
8701,200000,105,1.4752546926684579e-05,0.32826046799736575,2e-05,20000,,Non-private proximal,,,,0.8596748868921765,23
8701,200000,105,1.4752546926684579e-05,0.32826046799736575,2e-05,20000,,Constant predictor,,,,1.0430217675004818,0
8701,200000,105,1.4752546926684579e-05,0.32826046799736575,2e-05,20000,0.95,Thresholded Central-DP Lasso (ours),5.0,0.1,0.0030766927563711287,0.9088676090411318,5
8701,200000,105,1.4752546926684579e-05,0.32826046799736575,2e-05,20000,0.95,Cai et al. DP-IHT,5.0,,0.0030766927563711287,0.9168464365205096,5
8701,200000,105,1.4752546926684579e-05,0.32826046799736575,2e-05,20000,0.95,Thresholded Central-DP Lasso (ours),20.0,0.1,0.0030766927563711287,0.8593273427929701,20
8701,200000,105,1.4752546926684579e-05,0.32826046799736575,2e-05,20000,0.95,Cai et al. DP-IHT,20.0,,0.0030766927563711287,0.876141539858849,20
8701,200000,105,1.4752546926684579e-05,0.32826046799736575,2e-05,20000,0.95,Thresholded Central-DP Lasso (ours),50.0,0.1,0.0030766927563711287,0.846331939735123,50
8701,200000,105,1.4752546926684579e-05,0.32826046799736575,2e-05,20000,0.95,Cai et al. DP-IHT,50.0,,0.0030766927563711287,0.8785398828565838,50
8701,200000,105,1.4752546926684579e-05,0.32826046799736575,2e-05,20000,0.95,Thresholded Central-DP Lasso (ours),100.0,0.1,0.0030766927563711287,0.8456166634505743,100
8701,200000,105,1.4752546926684579e-05,0.32826046799736575,2e-05,20000,0.95,Cai et al. DP-IHT,100.0,,0.0030766927563711287,0.925238363927345,100
8702,25000,105,0.00014530012585117148,0.32860844216837587,0.00016,20000,,"Non-private, same procedure",5.0,0.1,0.0,0.9128837293027796,5
8702,25000,105,0.00014530012585117148,0.32860844216837587,0.00016,20000,,"Non-private, same procedure",20.0,0.1,0.0,0.8619401689097597,20
8702,25000,105,0.00014530012585117148,0.32860844216837587,0.00016,20000,,"Non-private, same procedure",50.0,0.1,0.0,0.8507361391101433,50
8702,25000,105,0.00014530012585117148,0.32860844216837587,0.00016,20000,,"Non-private, same procedure",100.0,0.1,0.0,0.8502307443591924,65
8702,25000,105,0.00014530012585117148,0.32860844216837587,0.00016,20000,,Non-private proximal,,,,0.9120900752550488,7
8702,25000,105,0.00014530012585117148,0.32860844216837587,0.00016,20000,,Constant predictor,,,,1.0492179758738618,0
8702,25000,105,0.00014530012585117148,0.32860844216837587,0.00016,20000,0.95,Thresholded Central-DP Lasso (ours),5.0,0.1,0.02023399877137123,0.9134398383643708,5
8702,25000,105,0.00014530012585117148,0.32860844216837587,0.00016,20000,0.95,Cai et al. DP-IHT,5.0,,0.02023399877137123,0.9926687529227788,5
8702,25000,105,0.00014530012585117148,0.32860844216837587,0.00016,20000,0.95,Thresholded Central-DP Lasso (ours),20.0,0.1,0.02023399877137123,0.9045790920088679,20
8702,25000,105,0.00014530012585117148,0.32860844216837587,0.00016,20000,0.95,Cai et al. DP-IHT,20.0,,0.02023399877137123,1.0118936229703217,20
8702,25000,105,0.00014530012585117148,0.32860844216837587,0.00016,20000,0.95,Thresholded Central-DP Lasso (ours),50.0,0.1,0.02023399877137123,0.9002144127225041,50
8702,25000,105,0.00014530012585117148,0.32860844216837587,0.00016,20000,0.95,Cai et al. DP-IHT,50.0,,0.02023399877137123,1.0570557724459848,50
8702,25000,105,0.00014530012585117148,0.32860844216837587,0.00016,20000,0.95,Thresholded Central-DP Lasso (ours),100.0,0.1,0.02023399877137123,0.8952072959650458,100
8702,25000,105,0.00014530012585117148,0.32860844216837587,0.00016,20000,0.95,Cai et al. DP-IHT,100.0,,0.02023399877137123,1.0008208018587104,100
8702,50000,105,6.778490554679657e-05,0.32797284525388276,8e-05,20000,,"Non-private, same procedure",5.0,0.1,0.0,0.9132878001288733,5
8702,50000,105,6.778490554679657e-05,0.32797284525388276,8e-05,20000,,"Non-private, same procedure",20.0,0.1,0.0,0.8622352986734002,20
8702,50000,105,6.778490554679657e-05,0.32797284525388276,8e-05,20000,,"Non-private, same procedure",50.0,0.1,0.0,0.8504697430014283,50
8702,50000,105,6.778490554679657e-05,0.32797284525388276,8e-05,20000,,"Non-private, same procedure",100.0,0.1,0.0,0.84942229423311,73
8702,50000,105,6.778490554679657e-05,0.32797284525388276,8e-05,20000,,Non-private proximal,,,,0.8876785835251477,9
8702,50000,105,6.778490554679657e-05,0.32797284525388276,8e-05,20000,,Constant predictor,,,,1.0495932579261202,0
8702,50000,105,6.778490554679657e-05,0.32797284525388276,8e-05,20000,0.95,Thresholded Central-DP Lasso (ours),5.0,0.1,0.01084739331264455,0.9222616869041661,5
8702,50000,105,6.778490554679657e-05,0.32797284525388276,8e-05,20000,0.95,Cai et al. DP-IHT,5.0,,0.01084739331264455,1.0115878937544462,5
8702,50000,105,6.778490554679657e-05,0.32797284525388276,8e-05,20000,0.95,Thresholded Central-DP Lasso (ours),20.0,0.1,0.01084739331264455,0.874437337899499,20
8702,50000,105,6.778490554679657e-05,0.32797284525388276,8e-05,20000,0.95,Cai et al. DP-IHT,20.0,,0.01084739331264455,0.970261549962994,20
8702,50000,105,6.778490554679657e-05,0.32797284525388276,8e-05,20000,0.95,Thresholded Central-DP Lasso (ours),50.0,0.1,0.01084739331264455,0.8642020875525821,50
8702,50000,105,6.778490554679657e-05,0.32797284525388276,8e-05,20000,0.95,Cai et al. DP-IHT,50.0,,0.01084739331264455,0.9849053305816958,50
8702,50000,105,6.778490554679657e-05,0.32797284525388276,8e-05,20000,0.95,Thresholded Central-DP Lasso (ours),100.0,0.1,0.01084739331264455,0.8597949350645336,99
8702,50000,105,6.778490554679657e-05,0.32797284525388276,8e-05,20000,0.95,Cai et al. DP-IHT,100.0,,0.01084739331264455,0.9806603472025458,100
8702,100000,105,3.162277660168376e-05,0.3279119881532657,4e-05,20000,,"Non-private, same procedure",5.0,0.1,0.0,0.9132213703042757,5
8702,100000,105,3.162277660168376e-05,0.3279119881532657,4e-05,20000,,"Non-private, same procedure",20.0,0.1,0.0,0.8618589681116517,20
8702,100000,105,3.162277660168376e-05,0.3279119881532657,4e-05,20000,,"Non-private, same procedure",50.0,0.1,0.0,0.8499067585879941,50
8702,100000,105,3.162277660168376e-05,0.3279119881532657,4e-05,20000,,"Non-private, same procedure",100.0,0.1,0.0,0.8487426614363369,75
8702,100000,105,3.162277660168376e-05,0.3279119881532657,4e-05,20000,,Non-private proximal,,,,0.8750156583295554,17
8702,100000,105,3.162277660168376e-05,0.3279119881532657,4e-05,20000,,Constant predictor,,,,1.0496064602179318,0
8702,100000,105,3.162277660168376e-05,0.3279119881532657,4e-05,20000,0.95,Thresholded Central-DP Lasso (ours),5.0,0.1,0.00578864377856448,0.9132551681875885,5
8702,100000,105,3.162277660168376e-05,0.3279119881532657,4e-05,20000,0.95,Cai et al. DP-IHT,5.0,,0.00578864377856448,0.9362517823791405,5
8702,100000,105,3.162277660168376e-05,0.3279119881532657,4e-05,20000,0.95,Thresholded Central-DP Lasso (ours),20.0,0.1,0.00578864377856448,0.8673509801620688,20
8702,100000,105,3.162277660168376e-05,0.3279119881532657,4e-05,20000,0.95,Cai et al. DP-IHT,20.0,,0.00578864377856448,0.9068227337431891,20
8702,100000,105,3.162277660168376e-05,0.3279119881532657,4e-05,20000,0.95,Thresholded Central-DP Lasso (ours),50.0,0.1,0.00578864377856448,0.8547977613126817,50
8702,100000,105,3.162277660168376e-05,0.3279119881532657,4e-05,20000,0.95,Cai et al. DP-IHT,50.0,,0.00578864377856448,0.9347175095088595,50
8702,100000,105,3.162277660168376e-05,0.3279119881532657,4e-05,20000,0.95,Thresholded Central-DP Lasso (ours),100.0,0.1,0.00578864377856448,0.8523921710695974,99
8702,100000,105,3.162277660168376e-05,0.3279119881532657,4e-05,20000,0.95,Cai et al. DP-IHT,100.0,,0.00578864377856448,0.971881500120934,100
8702,200000,105,1.4752546926684579e-05,0.3280134218669254,2e-05,20000,,"Non-private, same procedure",5.0,0.1,0.0,0.9132335476435762,5
8702,200000,105,1.4752546926684579e-05,0.3280134218669254,2e-05,20000,,"Non-private, same procedure",20.0,0.1,0.0,0.8624511776133817,20
8702,200000,105,1.4752546926684579e-05,0.3280134218669254,2e-05,20000,,"Non-private, same procedure",50.0,0.1,0.0,0.8497778965830934,50
8702,200000,105,1.4752546926684579e-05,0.3280134218669254,2e-05,20000,,"Non-private, same procedure",100.0,0.1,0.0,0.8484740998442883,77
8702,200000,105,1.4752546926684579e-05,0.3280134218669254,2e-05,20000,,Non-private proximal,,,,0.8642696719761861,24
8702,200000,105,1.4752546926684579e-05,0.3280134218669254,2e-05,20000,,Constant predictor,,,,1.0496354888012913,0
8702,200000,105,1.4752546926684579e-05,0.3280134218669254,2e-05,20000,0.95,Thresholded Central-DP Lasso (ours),5.0,0.1,0.0030766927563711287,0.909883705190175,5
8702,200000,105,1.4752546926684579e-05,0.3280134218669254,2e-05,20000,0.95,Cai et al. DP-IHT,5.0,,0.0030766927563711287,0.9123911335709851,5
8702,200000,105,1.4752546926684579e-05,0.3280134218669254,2e-05,20000,0.95,Thresholded Central-DP Lasso (ours),20.0,0.1,0.0030766927563711287,0.8625974265689687,20
8702,200000,105,1.4752546926684579e-05,0.3280134218669254,2e-05,20000,0.95,Cai et al. DP-IHT,20.0,,0.0030766927563711287,0.8772978419833439,20
8702,200000,105,1.4752546926684579e-05,0.3280134218669254,2e-05,20000,0.95,Thresholded Central-DP Lasso (ours),50.0,0.1,0.0030766927563711287,0.8517251343289218,50
8702,200000,105,1.4752546926684579e-05,0.3280134218669254,2e-05,20000,0.95,Cai et al. DP-IHT,50.0,,0.0030766927563711287,0.8817246143002931,50
8702,200000,105,1.4752546926684579e-05,0.3280134218669254,2e-05,20000,0.95,Thresholded Central-DP Lasso (ours),100.0,0.1,0.0030766927563711287,0.849999380400548,97
8702,200000,105,1.4752546926684579e-05,0.3280134218669254,2e-05,20000,0.95,Cai et al. DP-IHT,100.0,,0.0030766927563711287,0.9204109478979502,100
8703,25000,105,0.00014530012585117148,0.3282481946134465,0.00016,20000,,"Non-private, same procedure",5.0,0.1,0.0,0.9111151142327848,5
8703,25000,105,0.00014530012585117148,0.3282481946134465,0.00016,20000,,"Non-private, same procedure",20.0,0.1,0.0,0.8579422588906186,20
8703,25000,105,0.00014530012585117148,0.3282481946134465,0.00016,20000,,"Non-private, same procedure",50.0,0.1,0.0,0.8467082957707478,50
8703,25000,105,0.00014530012585117148,0.3282481946134465,0.00016,20000,,"Non-private, same procedure",100.0,0.1,0.0,0.8461710911615596,67
8703,25000,105,0.00014530012585117148,0.3282481946134465,0.00016,20000,,Non-private proximal,,,,0.9108445545885373,6
8703,25000,105,0.00014530012585117148,0.3282481946134465,0.00016,20000,,Constant predictor,,,,1.0451737541665977,0
8703,25000,105,0.00014530012585117148,0.3282481946134465,0.00016,20000,0.95,Thresholded Central-DP Lasso (ours),5.0,0.1,0.02023399877137123,0.9209093911172813,5
8703,25000,105,0.00014530012585117148,0.3282481946134465,0.00016,20000,0.95,Cai et al. DP-IHT,5.0,,0.02023399877137123,1.037296300308854,5
8703,25000,105,0.00014530012585117148,0.3282481946134465,0.00016,20000,0.95,Thresholded Central-DP Lasso (ours),20.0,0.1,0.02023399877137123,0.8934389048022079,20
8703,25000,105,0.00014530012585117148,0.3282481946134465,0.00016,20000,0.95,Cai et al. DP-IHT,20.0,,0.02023399877137123,1.0513577104144975,20
8703,25000,105,0.00014530012585117148,0.3282481946134465,0.00016,20000,0.95,Thresholded Central-DP Lasso (ours),50.0,0.1,0.02023399877137123,0.8873821551304725,50
8703,25000,105,0.00014530012585117148,0.3282481946134465,0.00016,20000,0.95,Cai et al. DP-IHT,50.0,,0.02023399877137123,1.0218943757100152,50
8703,25000,105,0.00014530012585117148,0.3282481946134465,0.00016,20000,0.95,Thresholded Central-DP Lasso (ours),100.0,0.1,0.02023399877137123,0.8869225927487997,100
8703,25000,105,0.00014530012585117148,0.3282481946134465,0.00016,20000,0.95,Cai et al. DP-IHT,100.0,,0.02023399877137123,1.0658741692926823,100
8703,50000,105,6.778490554679657e-05,0.32755651121874985,8e-05,20000,,"Non-private, same procedure",5.0,0.1,0.0,0.9109331458399191,5
8703,50000,105,6.778490554679657e-05,0.32755651121874985,8e-05,20000,,"Non-private, same procedure",20.0,0.1,0.0,0.8582031602037766,20
8703,50000,105,6.778490554679657e-05,0.32755651121874985,8e-05,20000,,"Non-private, same procedure",50.0,0.1,0.0,0.8460560747553186,50
8703,50000,105,6.778490554679657e-05,0.32755651121874985,8e-05,20000,,"Non-private, same procedure",100.0,0.1,0.0,0.8450116730682293,73
8703,50000,105,6.778490554679657e-05,0.32755651121874985,8e-05,20000,,Non-private proximal,,,,0.8817544814517995,9
8703,50000,105,6.778490554679657e-05,0.32755651121874985,8e-05,20000,,Constant predictor,,,,1.0451715204560283,0
8703,50000,105,6.778490554679657e-05,0.32755651121874985,8e-05,20000,0.95,Thresholded Central-DP Lasso (ours),5.0,0.1,0.01084739331264455,0.9071958771050377,5
8703,50000,105,6.778490554679657e-05,0.32755651121874985,8e-05,20000,0.95,Cai et al. DP-IHT,5.0,,0.01084739331264455,0.922027496795312,5
8703,50000,105,6.778490554679657e-05,0.32755651121874985,8e-05,20000,0.95,Thresholded Central-DP Lasso (ours),20.0,0.1,0.01084739331264455,0.8665966674607374,20
8703,50000,105,6.778490554679657e-05,0.32755651121874985,8e-05,20000,0.95,Cai et al. DP-IHT,20.0,,0.01084739331264455,0.9400535090252764,20
8703,50000,105,6.778490554679657e-05,0.32755651121874985,8e-05,20000,0.95,Thresholded Central-DP Lasso (ours),50.0,0.1,0.01084739331264455,0.8638266835795704,50
8703,50000,105,6.778490554679657e-05,0.32755651121874985,8e-05,20000,0.95,Cai et al. DP-IHT,50.0,,0.01084739331264455,0.9971062385600542,50
8703,50000,105,6.778490554679657e-05,0.32755651121874985,8e-05,20000,0.95,Thresholded Central-DP Lasso (ours),100.0,0.1,0.01084739331264455,0.8617260419470941,99
8703,50000,105,6.778490554679657e-05,0.32755651121874985,8e-05,20000,0.95,Cai et al. DP-IHT,100.0,,0.01084739331264455,0.9921700039449363,100
8703,100000,105,3.162277660168376e-05,0.32783565289652555,4e-05,20000,,"Non-private, same procedure",5.0,0.1,0.0,0.9108563126844488,5
8703,100000,105,3.162277660168376e-05,0.32783565289652555,4e-05,20000,,"Non-private, same procedure",20.0,0.1,0.0,0.8572881537212574,20
8703,100000,105,3.162277660168376e-05,0.32783565289652555,4e-05,20000,,"Non-private, same procedure",50.0,0.1,0.0,0.8457841893415069,50
8703,100000,105,3.162277660168376e-05,0.32783565289652555,4e-05,20000,,"Non-private, same procedure",100.0,0.1,0.0,0.8444750969422408,74
8703,100000,105,3.162277660168376e-05,0.32783565289652555,4e-05,20000,,Non-private proximal,,,,0.8699669241813625,16
8703,100000,105,3.162277660168376e-05,0.32783565289652555,4e-05,20000,,Constant predictor,,,,1.0451614465924228,0
8703,100000,105,3.162277660168376e-05,0.32783565289652555,4e-05,20000,0.95,Thresholded Central-DP Lasso (ours),5.0,0.1,0.00578864377856448,0.9076406263979693,5
8703,100000,105,3.162277660168376e-05,0.32783565289652555,4e-05,20000,0.95,Cai et al. DP-IHT,5.0,,0.00578864377856448,0.9224665964830925,5
8703,100000,105,3.162277660168376e-05,0.32783565289652555,4e-05,20000,0.95,Thresholded Central-DP Lasso (ours),20.0,0.1,0.00578864377856448,0.8620657438951536,20
8703,100000,105,3.162277660168376e-05,0.32783565289652555,4e-05,20000,0.95,Cai et al. DP-IHT,20.0,,0.00578864377856448,0.9125734931362968,20
8703,100000,105,3.162277660168376e-05,0.32783565289652555,4e-05,20000,0.95,Thresholded Central-DP Lasso (ours),50.0,0.1,0.00578864377856448,0.848797930285832,50
8703,100000,105,3.162277660168376e-05,0.32783565289652555,4e-05,20000,0.95,Cai et al. DP-IHT,50.0,,0.00578864377856448,0.9240368440534142,50
8703,100000,105,3.162277660168376e-05,0.32783565289652555,4e-05,20000,0.95,Thresholded Central-DP Lasso (ours),100.0,0.1,0.00578864377856448,0.8481874742194483,97
8703,100000,105,3.162277660168376e-05,0.32783565289652555,4e-05,20000,0.95,Cai et al. DP-IHT,100.0,,0.00578864377856448,0.9872025702716973,100
8703,200000,105,1.4752546926684579e-05,0.32768701943794354,2e-05,20000,,"Non-private, same procedure",5.0,0.1,0.0,0.9108817756273822,5
8703,200000,105,1.4752546926684579e-05,0.32768701943794354,2e-05,20000,,"Non-private, same procedure",20.0,0.1,0.0,0.8572042150414563,20
8703,200000,105,1.4752546926684579e-05,0.32768701943794354,2e-05,20000,,"Non-private, same procedure",50.0,0.1,0.0,0.8455905125804438,50
8703,200000,105,1.4752546926684579e-05,0.32768701943794354,2e-05,20000,,"Non-private, same procedure",100.0,0.1,0.0,0.8441752322362278,77
8703,200000,105,1.4752546926684579e-05,0.32768701943794354,2e-05,20000,,Non-private proximal,,,,0.859596435093852,24
8703,200000,105,1.4752546926684579e-05,0.32768701943794354,2e-05,20000,,Constant predictor,,,,1.045158705643753,0
8703,200000,105,1.4752546926684579e-05,0.32768701943794354,2e-05,20000,0.95,Thresholded Central-DP Lasso (ours),5.0,0.1,0.0030766927563711287,0.9063398377730935,5
8703,200000,105,1.4752546926684579e-05,0.32768701943794354,2e-05,20000,0.95,Cai et al. DP-IHT,5.0,,0.0030766927563711287,0.9145577534730159,5
8703,200000,105,1.4752546926684579e-05,0.32768701943794354,2e-05,20000,0.95,Thresholded Central-DP Lasso (ours),20.0,0.1,0.0030766927563711287,0.8578463126726167,20
8703,200000,105,1.4752546926684579e-05,0.32768701943794354,2e-05,20000,0.95,Cai et al. DP-IHT,20.0,,0.0030766927563711287,0.8715032335613764,20
8703,200000,105,1.4752546926684579e-05,0.32768701943794354,2e-05,20000,0.95,Thresholded Central-DP Lasso (ours),50.0,0.1,0.0030766927563711287,0.8487737306807136,50
8703,200000,105,1.4752546926684579e-05,0.32768701943794354,2e-05,20000,0.95,Cai et al. DP-IHT,50.0,,0.0030766927563711287,0.8898045036779848,50
8703,200000,105,1.4752546926684579e-05,0.32768701943794354,2e-05,20000,0.95,Thresholded Central-DP Lasso (ours),100.0,0.1,0.0030766927563711287,0.8459861372107514,96
8703,200000,105,1.4752546926684579e-05,0.32768701943794354,2e-05,20000,0.95,Cai et al. DP-IHT,100.0,,0.0030766927563711287,0.9146857829691402,100
8704,25000,105,0.00014530012585117148,0.32931585774656574,0.00016,20000,,"Non-private, same procedure",5.0,0.1,0.0,0.908229876133517,5
8704,25000,105,0.00014530012585117148,0.32931585774656574,0.00016,20000,,"Non-private, same procedure",20.0,0.1,0.0,0.8556590750983116,20
8704,25000,105,0.00014530012585117148,0.32931585774656574,0.00016,20000,,"Non-private, same procedure",50.0,0.1,0.0,0.8439955461298824,50
8704,25000,105,0.00014530012585117148,0.32931585774656574,0.00016,20000,,"Non-private, same procedure",100.0,0.1,0.0,0.8434450122592355,63
8704,25000,105,0.00014530012585117148,0.32931585774656574,0.00016,20000,,Non-private proximal,,,,0.9092703453607344,7
8704,25000,105,0.00014530012585117148,0.32931585774656574,0.00016,20000,,Constant predictor,,,,1.0432451731182406,0
8704,25000,105,0.00014530012585117148,0.32931585774656574,0.00016,20000,0.95,Thresholded Central-DP Lasso (ours),5.0,0.1,0.02023399877137123,0.9224754252811171,5
8704,25000,105,0.00014530012585117148,0.32931585774656574,0.00016,20000,0.95,Cai et al. DP-IHT,5.0,,0.02023399877137123,0.9490362965254503,5
8704,25000,105,0.00014530012585117148,0.32931585774656574,0.00016,20000,0.95,Thresholded Central-DP Lasso (ours),20.0,0.1,0.02023399877137123,0.8873324118520411,20
8704,25000,105,0.00014530012585117148,0.32931585774656574,0.00016,20000,0.95,Cai et al. DP-IHT,20.0,,0.02023399877137123,1.043776224085212,20
8704,25000,105,0.00014530012585117148,0.32931585774656574,0.00016,20000,0.95,Thresholded Central-DP Lasso (ours),50.0,0.1,0.02023399877137123,0.8796252370775026,50
8704,25000,105,0.00014530012585117148,0.32931585774656574,0.00016,20000,0.95,Cai et al. DP-IHT,50.0,,0.02023399877137123,1.0160481787077413,50
8704,25000,105,0.00014530012585117148,0.32931585774656574,0.00016,20000,0.95,Thresholded Central-DP Lasso (ours),100.0,0.1,0.02023399877137123,0.8910652554134398,100
8704,25000,105,0.00014530012585117148,0.32931585774656574,0.00016,20000,0.95,Cai et al. DP-IHT,100.0,,0.02023399877137123,1.0494663106218582,100
8704,50000,105,6.778490554679657e-05,0.3288738840623702,8e-05,20000,,"Non-private, same procedure",5.0,0.1,0.0,0.9083993524633358,5
8704,50000,105,6.778490554679657e-05,0.3288738840623702,8e-05,20000,,"Non-private, same procedure",20.0,0.1,0.0,0.8550045614632389,20
8704,50000,105,6.778490554679657e-05,0.3288738840623702,8e-05,20000,,"Non-private, same procedure",50.0,0.1,0.0,0.843343878152497,50
8704,50000,105,6.778490554679657e-05,0.3288738840623702,8e-05,20000,,"Non-private, same procedure",100.0,0.1,0.0,0.8424810666959167,71
8704,50000,105,6.778490554679657e-05,0.3288738840623702,8e-05,20000,,Non-private proximal,,,,0.8811787058627935,10
8704,50000,105,6.778490554679657e-05,0.3288738840623702,8e-05,20000,,Constant predictor,,,,1.0432440516727959,0
8704,50000,105,6.778490554679657e-05,0.3288738840623702,8e-05,20000,0.95,Thresholded Central-DP Lasso (ours),5.0,0.1,0.01084739331264455,0.9110154368298279,5
8704,50000,105,6.778490554679657e-05,0.3288738840623702,8e-05,20000,0.95,Cai et al. DP-IHT,5.0,,0.01084739331264455,0.9403877147653759,5
8704,50000,105,6.778490554679657e-05,0.3288738840623702,8e-05,20000,0.95,Thresholded Central-DP Lasso (ours),20.0,0.1,0.01084739331264455,0.8691992062130912,20
8704,50000,105,6.778490554679657e-05,0.3288738840623702,8e-05,20000,0.95,Cai et al. DP-IHT,20.0,,0.01084739331264455,0.9896575893046159,20
8704,50000,105,6.778490554679657e-05,0.3288738840623702,8e-05,20000,0.95,Thresholded Central-DP Lasso (ours),50.0,0.1,0.01084739331264455,0.8615507254799828,50
8704,50000,105,6.778490554679657e-05,0.3288738840623702,8e-05,20000,0.95,Cai et al. DP-IHT,50.0,,0.01084739331264455,1.01668615566122,50
8704,50000,105,6.778490554679657e-05,0.3288738840623702,8e-05,20000,0.95,Thresholded Central-DP Lasso (ours),100.0,0.1,0.01084739331264455,0.8596780440696109,100
8704,50000,105,6.778490554679657e-05,0.3288738840623702,8e-05,20000,0.95,Cai et al. DP-IHT,100.0,,0.01084739331264455,1.0263926829581635,100
8704,100000,105,3.162277660168376e-05,0.3281023665180788,4e-05,20000,,"Non-private, same procedure",5.0,0.1,0.0,0.9083280279790508,5
8704,100000,105,3.162277660168376e-05,0.3281023665180788,4e-05,20000,,"Non-private, same procedure",20.0,0.1,0.0,0.8553631822667749,20
8704,100000,105,3.162277660168376e-05,0.3281023665180788,4e-05,20000,,"Non-private, same procedure",50.0,0.1,0.0,0.8430679964827295,50
8704,100000,105,3.162277660168376e-05,0.3281023665180788,4e-05,20000,,"Non-private, same procedure",100.0,0.1,0.0,0.8419218554470124,74
8704,100000,105,3.162277660168376e-05,0.3281023665180788,4e-05,20000,,Non-private proximal,,,,0.8688872131128306,15
8704,100000,105,3.162277660168376e-05,0.3281023665180788,4e-05,20000,,Constant predictor,,,,1.043235159862487,0
8704,100000,105,3.162277660168376e-05,0.3281023665180788,4e-05,20000,0.95,Thresholded Central-DP Lasso (ours),5.0,0.1,0.00578864377856448,0.9119226542379842,5
8704,100000,105,3.162277660168376e-05,0.3281023665180788,4e-05,20000,0.95,Cai et al. DP-IHT,5.0,,0.00578864377856448,0.9130667972798463,5
8704,100000,105,3.162277660168376e-05,0.3281023665180788,4e-05,20000,0.95,Thresholded Central-DP Lasso (ours),20.0,0.1,0.00578864377856448,0.8619394468782382,20
8704,100000,105,3.162277660168376e-05,0.3281023665180788,4e-05,20000,0.95,Cai et al. DP-IHT,20.0,,0.00578864377856448,0.9164959111454641,20
8704,100000,105,3.162277660168376e-05,0.3281023665180788,4e-05,20000,0.95,Thresholded Central-DP Lasso (ours),50.0,0.1,0.00578864377856448,0.8476795610047972,50
8704,100000,105,3.162277660168376e-05,0.3281023665180788,4e-05,20000,0.95,Cai et al. DP-IHT,50.0,,0.00578864377856448,0.9348891720183664,50
8704,100000,105,3.162277660168376e-05,0.3281023665180788,4e-05,20000,0.95,Thresholded Central-DP Lasso (ours),100.0,0.1,0.00578864377856448,0.8457396730017269,100
8704,100000,105,3.162277660168376e-05,0.3281023665180788,4e-05,20000,0.95,Cai et al. DP-IHT,100.0,,0.00578864377856448,0.9930376519108695,100
8704,200000,105,1.4752546926684579e-05,0.3279093174362688,2e-05,20000,,"Non-private, same procedure",5.0,0.1,0.0,0.9082828093608526,5
8704,200000,105,1.4752546926684579e-05,0.3279093174362688,2e-05,20000,,"Non-private, same procedure",20.0,0.1,0.0,0.8552685060394226,20
8704,200000,105,1.4752546926684579e-05,0.3279093174362688,2e-05,20000,,"Non-private, same procedure",50.0,0.1,0.0,0.8429195236545639,50
8704,200000,105,1.4752546926684579e-05,0.3279093174362688,2e-05,20000,,"Non-private, same procedure",100.0,0.1,0.0,0.8416128967461282,76
8704,200000,105,1.4752546926684579e-05,0.3279093174362688,2e-05,20000,,Non-private proximal,,,,0.8574993449293254,24
8704,200000,105,1.4752546926684579e-05,0.3279093174362688,2e-05,20000,,Constant predictor,,,,1.0432413089086299,0
8704,200000,105,1.4752546926684579e-05,0.3279093174362688,2e-05,20000,0.95,Thresholded Central-DP Lasso (ours),5.0,0.1,0.0030766927563711287,0.9038335822860052,5
8704,200000,105,1.4752546926684579e-05,0.3279093174362688,2e-05,20000,0.95,Cai et al. DP-IHT,5.0,,0.0030766927563711287,0.910139727492762,5
8704,200000,105,1.4752546926684579e-05,0.3279093174362688,2e-05,20000,0.95,Thresholded Central-DP Lasso (ours),20.0,0.1,0.0030766927563711287,0.8577073724141168,20
8704,200000,105,1.4752546926684579e-05,0.3279093174362688,2e-05,20000,0.95,Cai et al. DP-IHT,20.0,,0.0030766927563711287,0.8741804153015524,20
8704,200000,105,1.4752546926684579e-05,0.3279093174362688,2e-05,20000,0.95,Thresholded Central-DP Lasso (ours),50.0,0.1,0.0030766927563711287,0.8446162324728367,50
8704,200000,105,1.4752546926684579e-05,0.3279093174362688,2e-05,20000,0.95,Cai et al. DP-IHT,50.0,,0.0030766927563711287,0.8801951563770236,50
8704,200000,105,1.4752546926684579e-05,0.3279093174362688,2e-05,20000,0.95,Thresholded Central-DP Lasso (ours),100.0,0.1,0.0030766927563711287,0.8428511782811312,97
8704,200000,105,1.4752546926684579e-05,0.3279093174362688,2e-05,20000,0.95,Cai et al. DP-IHT,100.0,,0.0030766927563711287,0.9165226353211536,100
8705,25000,105,0.00014530012585117148,0.32780439901059033,0.00016,20000,,"Non-private, same procedure",5.0,0.1,0.0,0.9087796548637133,5
8705,25000,105,0.00014530012585117148,0.32780439901059033,0.00016,20000,,"Non-private, same procedure",20.0,0.1,0.0,0.8557926365998864,20
8705,25000,105,0.00014530012585117148,0.32780439901059033,0.00016,20000,,"Non-private, same procedure",50.0,0.1,0.0,0.8449560284974129,50
8705,25000,105,0.00014530012585117148,0.32780439901059033,0.00016,20000,,"Non-private, same procedure",100.0,0.1,0.0,0.844518266090852,65
8705,25000,105,0.00014530012585117148,0.32780439901059033,0.00016,20000,,Non-private proximal,,,,0.9048792013425642,7
8705,25000,105,0.00014530012585117148,0.32780439901059033,0.00016,20000,,Constant predictor,,,,1.0428981555720378,0
8705,25000,105,0.00014530012585117148,0.32780439901059033,0.00016,20000,0.95,Thresholded Central-DP Lasso (ours),5.0,0.1,0.02023399877137123,0.9345665296042736,5
8705,25000,105,0.00014530012585117148,0.32780439901059033,0.00016,20000,0.95,Cai et al. DP-IHT,5.0,,0.02023399877137123,1.0626801787170645,5
8705,25000,105,0.00014530012585117148,0.32780439901059033,0.00016,20000,0.95,Thresholded Central-DP Lasso (ours),20.0,0.1,0.02023399877137123,0.8857441324124076,20
8705,25000,105,0.00014530012585117148,0.32780439901059033,0.00016,20000,0.95,Cai et al. DP-IHT,20.0,,0.02023399877137123,1.0224451392377922,20
8705,25000,105,0.00014530012585117148,0.32780439901059033,0.00016,20000,0.95,Thresholded Central-DP Lasso (ours),50.0,0.1,0.02023399877137123,0.8919601477579225,50
8705,25000,105,0.00014530012585117148,0.32780439901059033,0.00016,20000,0.95,Cai et al. DP-IHT,50.0,,0.02023399877137123,0.9727259231193702,50
8705,25000,105,0.00014530012585117148,0.32780439901059033,0.00016,20000,0.95,Thresholded Central-DP Lasso (ours),100.0,0.1,0.02023399877137123,0.8773885857802615,98
8705,25000,105,0.00014530012585117148,0.32780439901059033,0.00016,20000,0.95,Cai et al. DP-IHT,100.0,,0.02023399877137123,1.0219153770630582,100
8705,50000,105,6.778490554679657e-05,0.32751402031382704,8e-05,20000,,"Non-private, same procedure",5.0,0.1,0.0,0.9087276644338169,5
8705,50000,105,6.778490554679657e-05,0.32751402031382704,8e-05,20000,,"Non-private, same procedure",20.0,0.1,0.0,0.8554685559665952,20
8705,50000,105,6.778490554679657e-05,0.32751402031382704,8e-05,20000,,"Non-private, same procedure",50.0,0.1,0.0,0.843924412166829,50
8705,50000,105,6.778490554679657e-05,0.32751402031382704,8e-05,20000,,"Non-private, same procedure",100.0,0.1,0.0,0.8430915241775705,73
8705,50000,105,6.778490554679657e-05,0.32751402031382704,8e-05,20000,,Non-private proximal,,,,0.8798633192623361,9
8705,50000,105,6.778490554679657e-05,0.32751402031382704,8e-05,20000,,Constant predictor,,,,1.0429107479451523,0
8705,50000,105,6.778490554679657e-05,0.32751402031382704,8e-05,20000,0.95,Thresholded Central-DP Lasso (ours),5.0,0.1,0.01084739331264455,0.9042737544240178,5
8705,50000,105,6.778490554679657e-05,0.32751402031382704,8e-05,20000,0.95,Cai et al. DP-IHT,5.0,,0.01084739331264455,0.9653826135576262,5
8705,50000,105,6.778490554679657e-05,0.32751402031382704,8e-05,20000,0.95,Thresholded Central-DP Lasso (ours),20.0,0.1,0.01084739331264455,0.8690015109247567,20
8705,50000,105,6.778490554679657e-05,0.32751402031382704,8e-05,20000,0.95,Cai et al. DP-IHT,20.0,,0.01084739331264455,0.9612660256797173,20
8705,50000,105,6.778490554679657e-05,0.32751402031382704,8e-05,20000,0.95,Thresholded Central-DP Lasso (ours),50.0,0.1,0.01084739331264455,0.8597738781530957,50
8705,50000,105,6.778490554679657e-05,0.32751402031382704,8e-05,20000,0.95,Cai et al. DP-IHT,50.0,,0.01084739331264455,1.0370294861340073,50
8705,50000,105,6.778490554679657e-05,0.32751402031382704,8e-05,20000,0.95,Thresholded Central-DP Lasso (ours),100.0,0.1,0.01084739331264455,0.8585884426990769,100
8705,50000,105,6.778490554679657e-05,0.32751402031382704,8e-05,20000,0.95,Cai et al. DP-IHT,100.0,,0.01084739331264455,0.9899864052471138,100
8705,100000,105,3.162277660168376e-05,0.3280453456663753,4e-05,20000,,"Non-private, same procedure",5.0,0.1,0.0,0.9084819758600451,5
8705,100000,105,3.162277660168376e-05,0.3280453456663753,4e-05,20000,,"Non-private, same procedure",20.0,0.1,0.0,0.8556101435442597,20
8705,100000,105,3.162277660168376e-05,0.3280453456663753,4e-05,20000,,"Non-private, same procedure",50.0,0.1,0.0,0.8435704034474265,50
8705,100000,105,3.162277660168376e-05,0.3280453456663753,4e-05,20000,,"Non-private, same procedure",100.0,0.1,0.0,0.8424531662371112,75
8705,100000,105,3.162277660168376e-05,0.3280453456663753,4e-05,20000,,Non-private proximal,,,,0.8675292368366732,17
8705,100000,105,3.162277660168376e-05,0.3280453456663753,4e-05,20000,,Constant predictor,,,,1.0429336990060238,0
8705,100000,105,3.162277660168376e-05,0.3280453456663753,4e-05,20000,0.95,Thresholded Central-DP Lasso (ours),5.0,0.1,0.00578864377856448,0.909761514194323,5
8705,100000,105,3.162277660168376e-05,0.3280453456663753,4e-05,20000,0.95,Cai et al. DP-IHT,5.0,,0.00578864377856448,0.9192345715203465,5
8705,100000,105,3.162277660168376e-05,0.3280453456663753,4e-05,20000,0.95,Thresholded Central-DP Lasso (ours),20.0,0.1,0.00578864377856448,0.8588955584932962,20
8705,100000,105,3.162277660168376e-05,0.3280453456663753,4e-05,20000,0.95,Cai et al. DP-IHT,20.0,,0.00578864377856448,0.9049975825439949,20
8705,100000,105,3.162277660168376e-05,0.3280453456663753,4e-05,20000,0.95,Thresholded Central-DP Lasso (ours),50.0,0.1,0.00578864377856448,0.8485156617905077,50
8705,100000,105,3.162277660168376e-05,0.3280453456663753,4e-05,20000,0.95,Cai et al. DP-IHT,50.0,,0.00578864377856448,0.9211035105627255,50
8705,100000,105,3.162277660168376e-05,0.3280453456663753,4e-05,20000,0.95,Thresholded Central-DP Lasso (ours),100.0,0.1,0.00578864377856448,0.847735135463789,100
8705,100000,105,3.162277660168376e-05,0.3280453456663753,4e-05,20000,0.95,Cai et al. DP-IHT,100.0,,0.00578864377856448,0.984829830034368,100
8705,200000,105,1.4752546926684579e-05,0.32783277833715707,2e-05,20000,,"Non-private, same procedure",5.0,0.1,0.0,0.9084735129483603,5
8705,200000,105,1.4752546926684579e-05,0.32783277833715707,2e-05,20000,,"Non-private, same procedure",20.0,0.1,0.0,0.8551424669689243,20
8705,200000,105,1.4752546926684579e-05,0.32783277833715707,2e-05,20000,,"Non-private, same procedure",50.0,0.1,0.0,0.8433339498234835,50
8705,200000,105,1.4752546926684579e-05,0.32783277833715707,2e-05,20000,,"Non-private, same procedure",100.0,0.1,0.0,0.8420638860889601,78
8705,200000,105,1.4752546926684579e-05,0.32783277833715707,2e-05,20000,,Non-private proximal,,,,0.8573216438135134,24
8705,200000,105,1.4752546926684579e-05,0.32783277833715707,2e-05,20000,,Constant predictor,,,,1.0429352317014242,0
8705,200000,105,1.4752546926684579e-05,0.32783277833715707,2e-05,20000,0.95,Thresholded Central-DP Lasso (ours),5.0,0.1,0.0030766927563711287,0.9087421852149014,5
8705,200000,105,1.4752546926684579e-05,0.32783277833715707,2e-05,20000,0.95,Cai et al. DP-IHT,5.0,,0.0030766927563711287,0.9034528351502729,5
8705,200000,105,1.4752546926684579e-05,0.32783277833715707,2e-05,20000,0.95,Thresholded Central-DP Lasso (ours),20.0,0.1,0.0030766927563711287,0.858103473704433,20
8705,200000,105,1.4752546926684579e-05,0.32783277833715707,2e-05,20000,0.95,Cai et al. DP-IHT,20.0,,0.0030766927563711287,0.8734047586360221,20
8705,200000,105,1.4752546926684579e-05,0.32783277833715707,2e-05,20000,0.95,Thresholded Central-DP Lasso (ours),50.0,0.1,0.0030766927563711287,0.8455237819253183,50
8705,200000,105,1.4752546926684579e-05,0.32783277833715707,2e-05,20000,0.95,Cai et al. DP-IHT,50.0,,0.0030766927563711287,0.8847249362001206,50
8705,200000,105,1.4752546926684579e-05,0.32783277833715707,2e-05,20000,0.95,Thresholded Central-DP Lasso (ours),100.0,0.1,0.0030766927563711287,0.8433090537183668,100
8705,200000,105,1.4752546926684579e-05,0.32783277833715707,2e-05,20000,0.95,Cai et al. DP-IHT,100.0,,0.0030766927563711287,0.9142382599588321,100
8706,25000,105,0.00014530012585117148,0.32930585275317004,0.00016,20000,,"Non-private, same procedure",5.0,0.1,0.0,0.9048731559134983,5
8706,25000,105,0.00014530012585117148,0.32930585275317004,0.00016,20000,,"Non-private, same procedure",20.0,0.1,0.0,0.8579828546619643,20
8706,25000,105,0.00014530012585117148,0.32930585275317004,0.00016,20000,,"Non-private, same procedure",50.0,0.1,0.0,0.8469232056714471,50
8706,25000,105,0.00014530012585117148,0.32930585275317004,0.00016,20000,,"Non-private, same procedure",100.0,0.1,0.0,0.8465876710169048,62
8706,25000,105,0.00014530012585117148,0.32930585275317004,0.00016,20000,,Non-private proximal,,,,0.903864573082223,7
8706,25000,105,0.00014530012585117148,0.32930585275317004,0.00016,20000,,Constant predictor,,,,1.0443159221084017,0
8706,25000,105,0.00014530012585117148,0.32930585275317004,0.00016,20000,0.95,Thresholded Central-DP Lasso (ours),5.0,0.1,0.02023399877137123,0.9410374599532647,5
8706,25000,105,0.00014530012585117148,0.32930585275317004,0.00016,20000,0.95,Cai et al. DP-IHT,5.0,,0.02023399877137123,1.0345717760222362,5
8706,25000,105,0.00014530012585117148,0.32930585275317004,0.00016,20000,0.95,Thresholded Central-DP Lasso (ours),20.0,0.1,0.02023399877137123,0.9036057462632868,20
8706,25000,105,0.00014530012585117148,0.32930585275317004,0.00016,20000,0.95,Cai et al. DP-IHT,20.0,,0.02023399877137123,1.0735317816705656,20
8706,25000,105,0.00014530012585117148,0.32930585275317004,0.00016,20000,0.95,Thresholded Central-DP Lasso (ours),50.0,0.1,0.02023399877137123,0.8935410620188544,50
8706,25000,105,0.00014530012585117148,0.32930585275317004,0.00016,20000,0.95,Cai et al. DP-IHT,50.0,,0.02023399877137123,1.046226477158175,50
8706,25000,105,0.00014530012585117148,0.32930585275317004,0.00016,20000,0.95,Thresholded Central-DP Lasso (ours),100.0,0.1,0.02023399877137123,0.8949505401344315,100
8706,25000,105,0.00014530012585117148,0.32930585275317004,0.00016,20000,0.95,Cai et al. DP-IHT,100.0,,0.02023399877137123,1.1325910825000836,100
8706,50000,105,6.778490554679657e-05,0.32819336795446813,8e-05,20000,,"Non-private, same procedure",5.0,0.1,0.0,0.9049419682151006,5
8706,50000,105,6.778490554679657e-05,0.32819336795446813,8e-05,20000,,"Non-private, same procedure",20.0,0.1,0.0,0.8579145431153347,20
8706,50000,105,6.778490554679657e-05,0.32819336795446813,8e-05,20000,,"Non-private, same procedure",50.0,0.1,0.0,0.8465926535387571,50
8706,50000,105,6.778490554679657e-05,0.32819336795446813,8e-05,20000,,"Non-private, same procedure",100.0,0.1,0.0,0.8457944644612475,74
8706,50000,105,6.778490554679657e-05,0.32819336795446813,8e-05,20000,,Non-private proximal,,,,0.880579481092564,10
8706,50000,105,6.778490554679657e-05,0.32819336795446813,8e-05,20000,,Constant predictor,,,,1.0443166183451897,0
8706,50000,105,6.778490554679657e-05,0.32819336795446813,8e-05,20000,0.95,Thresholded Central-DP Lasso (ours),5.0,0.1,0.01084739331264455,0.9109679719375647,5
8706,50000,105,6.778490554679657e-05,0.32819336795446813,8e-05,20000,0.95,Cai et al. DP-IHT,5.0,,0.01084739331264455,0.9445975881544285,5
8706,50000,105,6.778490554679657e-05,0.32819336795446813,8e-05,20000,0.95,Thresholded Central-DP Lasso (ours),20.0,0.1,0.01084739331264455,0.8724376526315919,20
8706,50000,105,6.778490554679657e-05,0.32819336795446813,8e-05,20000,0.95,Cai et al. DP-IHT,20.0,,0.01084739331264455,0.9579289002986742,20
8706,50000,105,6.778490554679657e-05,0.32819336795446813,8e-05,20000,0.95,Thresholded Central-DP Lasso (ours),50.0,0.1,0.01084739331264455,0.8597328199315285,50
8706,50000,105,6.778490554679657e-05,0.32819336795446813,8e-05,20000,0.95,Cai et al. DP-IHT,50.0,,0.01084739331264455,0.9987914396456963,50
8706,50000,105,6.778490554679657e-05,0.32819336795446813,8e-05,20000,0.95,Thresholded Central-DP Lasso (ours),100.0,0.1,0.01084739331264455,0.860948211324761,100
8706,50000,105,6.778490554679657e-05,0.32819336795446813,8e-05,20000,0.95,Cai et al. DP-IHT,100.0,,0.01084739331264455,0.998042237305302,100
8706,100000,105,3.162277660168376e-05,0.32791480448632077,4e-05,20000,,"Non-private, same procedure",5.0,0.1,0.0,0.9096539826445416,5
8706,100000,105,3.162277660168376e-05,0.32791480448632077,4e-05,20000,,"Non-private, same procedure",20.0,0.1,0.0,0.8579424734751337,20
8706,100000,105,3.162277660168376e-05,0.32791480448632077,4e-05,20000,,"Non-private, same procedure",50.0,0.1,0.0,0.8463919121590563,50
8706,100000,105,3.162277660168376e-05,0.32791480448632077,4e-05,20000,,"Non-private, same procedure",100.0,0.1,0.0,0.845337664184259,76
8706,100000,105,3.162277660168376e-05,0.32791480448632077,4e-05,20000,,Non-private proximal,,,,0.8700088597147885,17
8706,100000,105,3.162277660168376e-05,0.32791480448632077,4e-05,20000,,Constant predictor,,,,1.044315252046806,0
8706,100000,105,3.162277660168376e-05,0.32791480448632077,4e-05,20000,0.95,Thresholded Central-DP Lasso (ours),5.0,0.1,0.00578864377856448,0.9077103069666053,5
8706,100000,105,3.162277660168376e-05,0.32791480448632077,4e-05,20000,0.95,Cai et al. DP-IHT,5.0,,0.00578864377856448,0.9165716394071384,5
8706,100000,105,3.162277660168376e-05,0.32791480448632077,4e-05,20000,0.95,Thresholded Central-DP Lasso (ours),20.0,0.1,0.00578864377856448,0.8633803330844426,20
8706,100000,105,3.162277660168376e-05,0.32791480448632077,4e-05,20000,0.95,Cai et al. DP-IHT,20.0,,0.00578864377856448,0.902834425472907,20
8706,100000,105,3.162277660168376e-05,0.32791480448632077,4e-05,20000,0.95,Thresholded Central-DP Lasso (ours),50.0,0.1,0.00578864377856448,0.8501599294266647,50
8706,100000,105,3.162277660168376e-05,0.32791480448632077,4e-05,20000,0.95,Cai et al. DP-IHT,50.0,,0.00578864377856448,0.9492052414182022,50
8706,100000,105,3.162277660168376e-05,0.32791480448632077,4e-05,20000,0.95,Thresholded Central-DP Lasso (ours),100.0,0.1,0.00578864377856448,0.8485356741961767,100
8706,100000,105,3.162277660168376e-05,0.32791480448632077,4e-05,20000,0.95,Cai et al. DP-IHT,100.0,,0.00578864377856448,0.981724015279834,100
8706,200000,105,1.4752546926684579e-05,0.3279474767562045,2e-05,20000,,"Non-private, same procedure",5.0,0.1,0.0,0.9096413645460107,5
8706,200000,105,1.4752546926684579e-05,0.3279474767562045,2e-05,20000,,"Non-private, same procedure",20.0,0.1,0.0,0.8581055412820529,20
8706,200000,105,1.4752546926684579e-05,0.3279474767562045,2e-05,20000,,"Non-private, same procedure",50.0,0.1,0.0,0.8462711792090084,50
8706,200000,105,1.4752546926684579e-05,0.3279474767562045,2e-05,20000,,"Non-private, same procedure",100.0,0.1,0.0,0.8450753888189984,78
8706,200000,105,1.4752546926684579e-05,0.3279474767562045,2e-05,20000,,Non-private proximal,,,,0.8595000282136693,24
8706,200000,105,1.4752546926684579e-05,0.3279474767562045,2e-05,20000,,Constant predictor,,,,1.0443146909363168,0
8706,200000,105,1.4752546926684579e-05,0.3279474767562045,2e-05,20000,0.95,Thresholded Central-DP Lasso (ours),5.0,0.1,0.0030766927563711287,0.9122773395741818,5
8706,200000,105,1.4752546926684579e-05,0.3279474767562045,2e-05,20000,0.95,Cai et al. DP-IHT,5.0,,0.0030766927563711287,0.9181274192089608,5
8706,200000,105,1.4752546926684579e-05,0.3279474767562045,2e-05,20000,0.95,Thresholded Central-DP Lasso (ours),20.0,0.1,0.0030766927563711287,0.8597836207457084,20
8706,200000,105,1.4752546926684579e-05,0.3279474767562045,2e-05,20000,0.95,Cai et al. DP-IHT,20.0,,0.0030766927563711287,0.8765360462975899,20
8706,200000,105,1.4752546926684579e-05,0.3279474767562045,2e-05,20000,0.95,Thresholded Central-DP Lasso (ours),50.0,0.1,0.0030766927563711287,0.8482203938464649,50
8706,200000,105,1.4752546926684579e-05,0.3279474767562045,2e-05,20000,0.95,Cai et al. DP-IHT,50.0,,0.0030766927563711287,0.8784244063834915,50
8706,200000,105,1.4752546926684579e-05,0.3279474767562045,2e-05,20000,0.95,Thresholded Central-DP Lasso (ours),100.0,0.1,0.0030766927563711287,0.8461356420151782,98
8706,200000,105,1.4752546926684579e-05,0.3279474767562045,2e-05,20000,0.95,Cai et al. DP-IHT,100.0,,0.0030766927563711287,0.9034763791008669,100
8707,25000,105,0.00014530012585117148,0.3269913895593486,0.00016,20000,,"Non-private, same procedure",5.0,0.1,0.0,0.9104312586307031,5
8707,25000,105,0.00014530012585117148,0.3269913895593486,0.00016,20000,,"Non-private, same procedure",20.0,0.1,0.0,0.8568145798382241,20
8707,25000,105,0.00014530012585117148,0.3269913895593486,0.00016,20000,,"Non-private, same procedure",50.0,0.1,0.0,0.8450340216340116,50
8707,25000,105,0.00014530012585117148,0.3269913895593486,0.00016,20000,,"Non-private, same procedure",100.0,0.1,0.0,0.8444875718177738,66
8707,25000,105,0.00014530012585117148,0.3269913895593486,0.00016,20000,,Non-private proximal,,,,0.9123517057554594,6
8707,25000,105,0.00014530012585117148,0.3269913895593486,0.00016,20000,,Constant predictor,,,,1.0433786876304068,0
8707,25000,105,0.00014530012585117148,0.3269913895593486,0.00016,20000,0.95,Thresholded Central-DP Lasso (ours),5.0,0.1,0.02023399877137123,0.9123633020147625,5
8707,25000,105,0.00014530012585117148,0.3269913895593486,0.00016,20000,0.95,Cai et al. DP-IHT,5.0,,0.02023399877137123,1.0046664608241667,5
8707,25000,105,0.00014530012585117148,0.3269913895593486,0.00016,20000,0.95,Thresholded Central-DP Lasso (ours),20.0,0.1,0.02023399877137123,0.8857323105500248,20
8707,25000,105,0.00014530012585117148,0.3269913895593486,0.00016,20000,0.95,Cai et al. DP-IHT,20.0,,0.02023399877137123,1.0781976468905834,20
8707,25000,105,0.00014530012585117148,0.3269913895593486,0.00016,20000,0.95,Thresholded Central-DP Lasso (ours),50.0,0.1,0.02023399877137123,0.8904706708800607,50
8707,25000,105,0.00014530012585117148,0.3269913895593486,0.00016,20000,0.95,Cai et al. DP-IHT,50.0,,0.02023399877137123,1.049523116439988,50
8707,25000,105,0.00014530012585117148,0.3269913895593486,0.00016,20000,0.95,Thresholded Central-DP Lasso (ours),100.0,0.1,0.02023399877137123,0.8832408541970905,100
8707,25000,105,0.00014530012585117148,0.3269913895593486,0.00016,20000,0.95,Cai et al. DP-IHT,100.0,,0.02023399877137123,1.0677793608629615,100
8707,50000,105,6.778490554679657e-05,0.3271213746595213,8e-05,20000,,"Non-private, same procedure",5.0,0.1,0.0,0.910108593756823,5
8707,50000,105,6.778490554679657e-05,0.3271213746595213,8e-05,20000,,"Non-private, same procedure",20.0,0.1,0.0,0.8566668783094747,20
8707,50000,105,6.778490554679657e-05,0.3271213746595213,8e-05,20000,,"Non-private, same procedure",50.0,0.1,0.0,0.844298025530896,50
8707,50000,105,6.778490554679657e-05,0.3271213746595213,8e-05,20000,,"Non-private, same procedure",100.0,0.1,0.0,0.843471764740534,74
8707,50000,105,6.778490554679657e-05,0.3271213746595213,8e-05,20000,,Non-private proximal,,,,0.8814225296790577,9
8707,50000,105,6.778490554679657e-05,0.3271213746595213,8e-05,20000,,Constant predictor,,,,1.043373322844577,0
8707,50000,105,6.778490554679657e-05,0.3271213746595213,8e-05,20000,0.95,Thresholded Central-DP Lasso (ours),5.0,0.1,0.01084739331264455,0.9200319833111639,5
8707,50000,105,6.778490554679657e-05,0.3271213746595213,8e-05,20000,0.95,Cai et al. DP-IHT,5.0,,0.01084739331264455,0.9468885408599803,5
8707,50000,105,6.778490554679657e-05,0.3271213746595213,8e-05,20000,0.95,Thresholded Central-DP Lasso (ours),20.0,0.1,0.01084739331264455,0.8707235167746593,20
8707,50000,105,6.778490554679657e-05,0.3271213746595213,8e-05,20000,0.95,Cai et al. DP-IHT,20.0,,0.01084739331264455,0.9281284467362143,20
8707,50000,105,6.778490554679657e-05,0.3271213746595213,8e-05,20000,0.95,Thresholded Central-DP Lasso (ours),50.0,0.1,0.01084739331264455,0.8589626253718847,50
8707,50000,105,6.778490554679657e-05,0.3271213746595213,8e-05,20000,0.95,Cai et al. DP-IHT,50.0,,0.01084739331264455,0.9717908270934781,50
8707,50000,105,6.778490554679657e-05,0.3271213746595213,8e-05,20000,0.95,Thresholded Central-DP Lasso (ours),100.0,0.1,0.01084739331264455,0.8555068395904588,100
8707,50000,105,6.778490554679657e-05,0.3271213746595213,8e-05,20000,0.95,Cai et al. DP-IHT,100.0,,0.01084739331264455,1.056778577387831,100
8707,100000,105,3.162277660168376e-05,0.3273538296037767,4e-05,20000,,"Non-private, same procedure",5.0,0.1,0.0,0.9100676452472191,5
8707,100000,105,3.162277660168376e-05,0.3273538296037767,4e-05,20000,,"Non-private, same procedure",20.0,0.1,0.0,0.8563360654902329,20
8707,100000,105,3.162277660168376e-05,0.3273538296037767,4e-05,20000,,"Non-private, same procedure",50.0,0.1,0.0,0.8439982093024148,50
8707,100000,105,3.162277660168376e-05,0.3273538296037767,4e-05,20000,,"Non-private, same procedure",100.0,0.1,0.0,0.8428802318343978,74
8707,100000,105,3.162277660168376e-05,0.3273538296037767,4e-05,20000,,Non-private proximal,,,,0.8699495967498064,17
8707,100000,105,3.162277660168376e-05,0.3273538296037767,4e-05,20000,,Constant predictor,,,,1.043378684146762,0
8707,100000,105,3.162277660168376e-05,0.3273538296037767,4e-05,20000,0.95,Thresholded Central-DP Lasso (ours),5.0,0.1,0.00578864377856448,0.9124764695006182,5
8707,100000,105,3.162277660168376e-05,0.3273538296037767,4e-05,20000,0.95,Cai et al. DP-IHT,5.0,,0.00578864377856448,0.9175258435318859,5
8707,100000,105,3.162277660168376e-05,0.3273538296037767,4e-05,20000,0.95,Thresholded Central-DP Lasso (ours),20.0,0.1,0.00578864377856448,0.8583600401878764,20
8707,100000,105,3.162277660168376e-05,0.3273538296037767,4e-05,20000,0.95,Cai et al. DP-IHT,20.0,,0.00578864377856448,0.8976262719709777,20
8707,100000,105,3.162277660168376e-05,0.3273538296037767,4e-05,20000,0.95,Thresholded Central-DP Lasso (ours),50.0,0.1,0.00578864377856448,0.8505202281075251,50
8707,100000,105,3.162277660168376e-05,0.3273538296037767,4e-05,20000,0.95,Cai et al. DP-IHT,50.0,,0.00578864377856448,0.9129446016272443,50
8707,100000,105,3.162277660168376e-05,0.3273538296037767,4e-05,20000,0.95,Thresholded Central-DP Lasso (ours),100.0,0.1,0.00578864377856448,0.8457502076833551,99
8707,100000,105,3.162277660168376e-05,0.3273538296037767,4e-05,20000,0.95,Cai et al. DP-IHT,100.0,,0.00578864377856448,0.9239027645396001,100
8707,200000,105,1.4752546926684579e-05,0.327839374143497,2e-05,20000,,"Non-private, same procedure",5.0,0.1,0.0,0.910036071890362,5
8707,200000,105,1.4752546926684579e-05,0.327839374143497,2e-05,20000,,"Non-private, same procedure",20.0,0.1,0.0,0.85547186710568,20
8707,200000,105,1.4752546926684579e-05,0.327839374143497,2e-05,20000,,"Non-private, same procedure",50.0,0.1,0.0,0.8437890061962571,50
8707,200000,105,1.4752546926684579e-05,0.327839374143497,2e-05,20000,,"Non-private, same procedure",100.0,0.1,0.0,0.8425194918724468,78
8707,200000,105,1.4752546926684579e-05,0.327839374143497,2e-05,20000,,Non-private proximal,,,,0.8583948446433082,23
8707,200000,105,1.4752546926684579e-05,0.327839374143497,2e-05,20000,,Constant predictor,,,,1.0433785834476572,0
8707,200000,105,1.4752546926684579e-05,0.327839374143497,2e-05,20000,0.95,Thresholded Central-DP Lasso (ours),5.0,0.1,0.0030766927563711287,0.9132149300034339,5
8707,200000,105,1.4752546926684579e-05,0.327839374143497,2e-05,20000,0.95,Cai et al. DP-IHT,5.0,,0.0030766927563711287,0.9050583308838442,5
8707,200000,105,1.4752546926684579e-05,0.327839374143497,2e-05,20000,0.95,Thresholded Central-DP Lasso (ours),20.0,0.1,0.0030766927563711287,0.8575604402484387,20
8707,200000,105,1.4752546926684579e-05,0.327839374143497,2e-05,20000,0.95,Cai et al. DP-IHT,20.0,,0.0030766927563711287,0.8733861250512297,20
8707,200000,105,1.4752546926684579e-05,0.327839374143497,2e-05,20000,0.95,Thresholded Central-DP Lasso (ours),50.0,0.1,0.0030766927563711287,0.8447536842585899,50
8707,200000,105,1.4752546926684579e-05,0.327839374143497,2e-05,20000,0.95,Cai et al. DP-IHT,50.0,,0.0030766927563711287,0.8770104417530049,50
8707,200000,105,1.4752546926684579e-05,0.327839374143497,2e-05,20000,0.95,Thresholded Central-DP Lasso (ours),100.0,0.1,0.0030766927563711287,0.8436852308013121,99
8707,200000,105,1.4752546926684579e-05,0.327839374143497,2e-05,20000,0.95,Cai et al. DP-IHT,100.0,,0.0030766927563711287,0.9052835909318502,100
8708,25000,105,0.00014530012585117148,0.32736429022845476,0.00016,20000,,"Non-private, same procedure",5.0,0.1,0.0,0.9102959985906282,5
8708,25000,105,0.00014530012585117148,0.32736429022845476,0.00016,20000,,"Non-private, same procedure",20.0,0.1,0.0,0.8576044162887562,20
8708,25000,105,0.00014530012585117148,0.32736429022845476,0.00016,20000,,"Non-private, same procedure",50.0,0.1,0.0,0.8465758606784907,50
8708,25000,105,0.00014530012585117148,0.32736429022845476,0.00016,20000,,"Non-private, same procedure",100.0,0.1,0.0,0.8461102356088699,63
8708,25000,105,0.00014530012585117148,0.32736429022845476,0.00016,20000,,Non-private proximal,,,,0.9079868968722336,7
8708,25000,105,0.00014530012585117148,0.32736429022845476,0.00016,20000,,Constant predictor,,,,1.0436567008272368,0
8708,25000,105,0.00014530012585117148,0.32736429022845476,0.00016,20000,0.95,Thresholded Central-DP Lasso (ours),5.0,0.1,0.02023399877137123,0.9111931559921651,5
8708,25000,105,0.00014530012585117148,0.32736429022845476,0.00016,20000,0.95,Cai et al. DP-IHT,5.0,,0.02023399877137123,0.95858373000698,5
8708,25000,105,0.00014530012585117148,0.32736429022845476,0.00016,20000,0.95,Thresholded Central-DP Lasso (ours),20.0,0.1,0.02023399877137123,0.9179122065220562,20
8708,25000,105,0.00014530012585117148,0.32736429022845476,0.00016,20000,0.95,Cai et al. DP-IHT,20.0,,0.02023399877137123,1.0309354583790504,20
8708,25000,105,0.00014530012585117148,0.32736429022845476,0.00016,20000,0.95,Thresholded Central-DP Lasso (ours),50.0,0.1,0.02023399877137123,0.8969500467345525,50
8708,25000,105,0.00014530012585117148,0.32736429022845476,0.00016,20000,0.95,Cai et al. DP-IHT,50.0,,0.02023399877137123,1.016394312232586,50
8708,25000,105,0.00014530012585117148,0.32736429022845476,0.00016,20000,0.95,Thresholded Central-DP Lasso (ours),100.0,0.1,0.02023399877137123,0.8819270611402268,100
8708,25000,105,0.00014530012585117148,0.32736429022845476,0.00016,20000,0.95,Cai et al. DP-IHT,100.0,,0.02023399877137123,1.040213544082833,100
8708,50000,105,6.778490554679657e-05,0.32704745813269803,8e-05,20000,,"Non-private, same procedure",5.0,0.1,0.0,0.9101861133696618,5
8708,50000,105,6.778490554679657e-05,0.32704745813269803,8e-05,20000,,"Non-private, same procedure",20.0,0.1,0.0,0.8572733692164077,20
8708,50000,105,6.778490554679657e-05,0.32704745813269803,8e-05,20000,,"Non-private, same procedure",50.0,0.1,0.0,0.8458598107558521,50
8708,50000,105,6.778490554679657e-05,0.32704745813269803,8e-05,20000,,"Non-private, same procedure",100.0,0.1,0.0,0.8449636655649057,74
8708,50000,105,6.778490554679657e-05,0.32704745813269803,8e-05,20000,,Non-private proximal,,,,0.8818661389705038,9
8708,50000,105,6.778490554679657e-05,0.32704745813269803,8e-05,20000,,Constant predictor,,,,1.0436941294877076,0
8708,50000,105,6.778490554679657e-05,0.32704745813269803,8e-05,20000,0.95,Thresholded Central-DP Lasso (ours),5.0,0.1,0.01084739331264455,0.912343534841591,5
8708,50000,105,6.778490554679657e-05,0.32704745813269803,8e-05,20000,0.95,Cai et al. DP-IHT,5.0,,0.01084739331264455,0.9490986576951995,5
8708,50000,105,6.778490554679657e-05,0.32704745813269803,8e-05,20000,0.95,Thresholded Central-DP Lasso (ours),20.0,0.1,0.01084739331264455,0.8737606764173854,20
8708,50000,105,6.778490554679657e-05,0.32704745813269803,8e-05,20000,0.95,Cai et al. DP-IHT,20.0,,0.01084739331264455,0.9558205370161805,20
8708,50000,105,6.778490554679657e-05,0.32704745813269803,8e-05,20000,0.95,Thresholded Central-DP Lasso (ours),50.0,0.1,0.01084739331264455,0.8618092683369638,50
8708,50000,105,6.778490554679657e-05,0.32704745813269803,8e-05,20000,0.95,Cai et al. DP-IHT,50.0,,0.01084739331264455,1.0004783669156818,50
8708,50000,105,6.778490554679657e-05,0.32704745813269803,8e-05,20000,0.95,Thresholded Central-DP Lasso (ours),100.0,0.1,0.01084739331264455,0.8631782930091364,100
8708,50000,105,6.778490554679657e-05,0.32704745813269803,8e-05,20000,0.95,Cai et al. DP-IHT,100.0,,0.01084739331264455,1.0018098289265827,100
8708,100000,105,3.162277660168376e-05,0.32812159983222233,4e-05,20000,,"Non-private, same procedure",5.0,0.1,0.0,0.9101914572009434,5
8708,100000,105,3.162277660168376e-05,0.32812159983222233,4e-05,20000,,"Non-private, same procedure",20.0,0.1,0.0,0.8571409286828785,20
8708,100000,105,3.162277660168376e-05,0.32812159983222233,4e-05,20000,,"Non-private, same procedure",50.0,0.1,0.0,0.8454604459263374,50
8708,100000,105,3.162277660168376e-05,0.32812159983222233,4e-05,20000,,"Non-private, same procedure",100.0,0.1,0.0,0.8443534321359167,78
8708,100000,105,3.162277660168376e-05,0.32812159983222233,4e-05,20000,,Non-private proximal,,,,0.8694359973679331,17
8708,100000,105,3.162277660168376e-05,0.32812159983222233,4e-05,20000,,Constant predictor,,,,1.0437187673629922,0
8708,100000,105,3.162277660168376e-05,0.32812159983222233,4e-05,20000,0.95,Thresholded Central-DP Lasso (ours),5.0,0.1,0.00578864377856448,0.9041086005695078,5
8708,100000,105,3.162277660168376e-05,0.32812159983222233,4e-05,20000,0.95,Cai et al. DP-IHT,5.0,,0.00578864377856448,0.9118298166957614,5
8708,100000,105,3.162277660168376e-05,0.32812159983222233,4e-05,20000,0.95,Thresholded Central-DP Lasso (ours),20.0,0.1,0.00578864377856448,0.862149873303307,20
8708,100000,105,3.162277660168376e-05,0.32812159983222233,4e-05,20000,0.95,Cai et al. DP-IHT,20.0,,0.00578864377856448,0.8981033924384402,20
8708,100000,105,3.162277660168376e-05,0.32812159983222233,4e-05,20000,0.95,Thresholded Central-DP Lasso (ours),50.0,0.1,0.00578864377856448,0.8504127128379079,50
8708,100000,105,3.162277660168376e-05,0.32812159983222233,4e-05,20000,0.95,Cai et al. DP-IHT,50.0,,0.00578864377856448,0.9229200566167406,50
8708,100000,105,3.162277660168376e-05,0.32812159983222233,4e-05,20000,0.95,Thresholded Central-DP Lasso (ours),100.0,0.1,0.00578864377856448,0.8489651898158679,100
8708,100000,105,3.162277660168376e-05,0.32812159983222233,4e-05,20000,0.95,Cai et al. DP-IHT,100.0,,0.00578864377856448,0.9716849012836767,100
8708,200000,105,1.4752546926684579e-05,0.32769669372999005,2e-05,20000,,"Non-private, same procedure",5.0,0.1,0.0,0.9104415730267267,5
8708,200000,105,1.4752546926684579e-05,0.32769669372999005,2e-05,20000,,"Non-private, same procedure",20.0,0.1,0.0,0.8571539819155697,20
8708,200000,105,1.4752546926684579e-05,0.32769669372999005,2e-05,20000,,"Non-private, same procedure",50.0,0.1,0.0,0.8453069043038657,50
8708,200000,105,1.4752546926684579e-05,0.32769669372999005,2e-05,20000,,"Non-private, same procedure",100.0,0.1,0.0,0.8440452243946222,79
8708,200000,105,1.4752546926684579e-05,0.32769669372999005,2e-05,20000,,Non-private proximal,,,,0.8593132762244889,23
8708,200000,105,1.4752546926684579e-05,0.32769669372999005,2e-05,20000,,Constant predictor,,,,1.0437346529256633,0
8708,200000,105,1.4752546926684579e-05,0.32769669372999005,2e-05,20000,0.95,Thresholded Central-DP Lasso (ours),5.0,0.1,0.0030766927563711287,0.9039826192860179,5
8708,200000,105,1.4752546926684579e-05,0.32769669372999005,2e-05,20000,0.95,Cai et al. DP-IHT,5.0,,0.0030766927563711287,0.9047426148383525,5
8708,200000,105,1.4752546926684579e-05,0.32769669372999005,2e-05,20000,0.95,Thresholded Central-DP Lasso (ours),20.0,0.1,0.0030766927563711287,0.8591060755882834,20
8708,200000,105,1.4752546926684579e-05,0.32769669372999005,2e-05,20000,0.95,Cai et al. DP-IHT,20.0,,0.0030766927563711287,0.8683937767791047,20
8708,200000,105,1.4752546926684579e-05,0.32769669372999005,2e-05,20000,0.95,Thresholded Central-DP Lasso (ours),50.0,0.1,0.0030766927563711287,0.8463461200739546,50
8708,200000,105,1.4752546926684579e-05,0.32769669372999005,2e-05,20000,0.95,Cai et al. DP-IHT,50.0,,0.0030766927563711287,0.8767469071529439,50
8708,200000,105,1.4752546926684579e-05,0.32769669372999005,2e-05,20000,0.95,Thresholded Central-DP Lasso (ours),100.0,0.1,0.0030766927563711287,0.8448246419832853,98
8708,200000,105,1.4752546926684579e-05,0.32769669372999005,2e-05,20000,0.95,Cai et al. DP-IHT,100.0,,0.0030766927563711287,0.9091942260281987,100
