seed,n,p,s_star,epsilon,delta,grad_sd,sensitivity_l2,ratio_prediction,method,l2_error,support
8501,100000,100,5,0.95,3.162277660168376e-05,0.0266277613813966,0.00018399999999999997,0.5,Thresholded Central-DP Lasso (ours),0.6650370994814526,5
8501,100000,100,5,0.95,3.162277660168376e-05,0.0266277613813966,0.00018399999999999997,0.5,Cai et al. DP-IHT,0.9129269437791555,5
8501,100000,100,5,0.95,3.162277660168376e-05,0.0266277613813966,0.00018399999999999997,0.5,Non-private,0.0645102773901427,5
8501,100000,100,5,0.95,3.162277660168376e-05,0.0266277613813966,0.00018399999999999997,0.5,Zero estimator,0.9999999544965793,0
8501,100000,100,10,0.95,3.162277660168376e-05,0.0266277613813966,0.00018399999999999997,1.0,Thresholded Central-DP Lasso (ours),0.5651340549354753,10
8501,100000,100,10,0.95,3.162277660168376e-05,0.0266277613813966,0.00018399999999999997,1.0,Cai et al. DP-IHT,0.8612492944444116,10
8501,100000,100,10,0.95,3.162277660168376e-05,0.0266277613813966,0.00018399999999999997,1.0,Non-private,0.10225349168896684,7
8501,100000,100,10,0.95,3.162277660168376e-05,0.0266277613813966,0.00018399999999999997,1.0,Zero estimator,1.0000000256256774,0
8501,100000,100,20,0.95,3.162277660168376e-05,0.0266277613813966,0.00018399999999999997,2.0,Thresholded Central-DP Lasso (ours),0.7166030998633,20
8501,100000,100,20,0.95,3.162277660168376e-05,0.0266277613813966,0.00018399999999999997,2.0,Cai et al. DP-IHT,1.3761786310749813,20
8501,100000,100,20,0.95,3.162277660168376e-05,0.0266277613813966,0.00018399999999999997,2.0,Non-private,0.11423200090158935,7
8501,100000,100,20,0.95,3.162277660168376e-05,0.0266277613813966,0.00018399999999999997,2.0,Zero estimator,1.0000000131924012,0
8501,100000,100,40,0.95,3.162277660168376e-05,0.0266277613813966,0.00018399999999999997,4.0,Thresholded Central-DP Lasso (ours),0.8682004176317201,40
8501,100000,100,40,0.95,3.162277660168376e-05,0.0266277613813966,0.00018399999999999997,4.0,Cai et al. DP-IHT,1.2570355764571184,40
8501,100000,100,40,0.95,3.162277660168376e-05,0.0266277613813966,0.00018399999999999997,4.0,Non-private,0.1161825495565212,8
8501,100000,100,40,0.95,3.162277660168376e-05,0.0266277613813966,0.00018399999999999997,4.0,Zero estimator,0.9999999938090876,0
8501,200000,100,5,0.95,1.4752546926684579e-05,0.014152786679307191,9.199999999999999e-05,0.5,Thresholded Central-DP Lasso (ours),0.23821500788881833,5
8501,200000,100,5,0.95,1.4752546926684579e-05,0.014152786679307191,9.199999999999999e-05,0.5,Cai et al. DP-IHT,0.25981380683689126,5
8501,200000,100,5,0.95,1.4752546926684579e-05,0.014152786679307191,9.199999999999999e-05,0.5,Non-private,0.04321329763515425,5
8501,200000,100,5,0.95,1.4752546926684579e-05,0.014152786679307191,9.199999999999999e-05,0.5,Zero estimator,0.9999999544965793,0
8501,200000,100,10,0.95,1.4752546926684579e-05,0.014152786679307191,9.199999999999999e-05,1.0,Thresholded Central-DP Lasso (ours),0.3737269948858517,10
8501,200000,100,10,0.95,1.4752546926684579e-05,0.014152786679307191,9.199999999999999e-05,1.0,Cai et al. DP-IHT,0.8641888703944217,10
8501,200000,100,10,0.95,1.4752546926684579e-05,0.014152786679307191,9.199999999999999e-05,1.0,Non-private,0.06802641237979284,10
8501,200000,100,10,0.95,1.4752546926684579e-05,0.014152786679307191,9.199999999999999e-05,1.0,Zero estimator,1.0000000256256774,0
8501,200000,100,20,0.95,1.4752546926684579e-05,0.014152786679307191,9.199999999999999e-05,2.0,Thresholded Central-DP Lasso (ours),0.464911750393961,20
8501,200000,100,20,0.95,1.4752546926684579e-05,0.014152786679307191,9.199999999999999e-05,2.0,Cai et al. DP-IHT,0.963574885711664,20
8501,200000,100,20,0.95,1.4752546926684579e-05,0.014152786679307191,9.199999999999999e-05,2.0,Non-private,0.09216567809672313,10
8501,200000,100,20,0.95,1.4752546926684579e-05,0.014152786679307191,9.199999999999999e-05,2.0,Zero estimator,0.9999998858677142,0
8501,200000,100,40,0.95,1.4752546926684579e-05,0.014152786679307191,9.199999999999999e-05,4.0,Thresholded Central-DP Lasso (ours),0.45393733357771004,40
8501,200000,100,40,0.95,1.4752546926684579e-05,0.014152786679307191,9.199999999999999e-05,4.0,Cai et al. DP-IHT,1.2667676858080223,40
8501,200000,100,40,0.95,1.4752546926684579e-05,0.014152786679307191,9.199999999999999e-05,4.0,Non-private,0.09148989875172654,10
8501,200000,100,40,0.95,1.4752546926684579e-05,0.014152786679307191,9.199999999999999e-05,4.0,Zero estimator,0.9999999938090877,0
8501,400000,100,5,0.95,6.8823064958958226e-06,0.0074956497900820354,4.599999999999999e-05,0.5,Thresholded Central-DP Lasso (ours),0.15837399538597804,5
8501,400000,100,5,0.95,6.8823064958958226e-06,0.0074956497900820354,4.599999999999999e-05,0.5,Cai et al. DP-IHT,0.25497969833481227,5
8501,400000,100,5,0.95,6.8823064958958226e-06,0.0074956497900820354,4.599999999999999e-05,0.5,Non-private,0.02746138275298556,5
8501,400000,100,5,0.95,6.8823064958958226e-06,0.0074956497900820354,4.599999999999999e-05,0.5,Zero estimator,0.9999999544965793,0
8501,400000,100,10,0.95,6.8823064958958226e-06,0.0074956497900820354,4.599999999999999e-05,1.0,Thresholded Central-DP Lasso (ours),0.2229532971427867,10
8501,400000,100,10,0.95,6.8823064958958226e-06,0.0074956497900820354,4.599999999999999e-05,1.0,Cai et al. DP-IHT,0.40454935227704825,10
8501,400000,100,10,0.95,6.8823064958958226e-06,0.0074956497900820354,4.599999999999999e-05,1.0,Non-private,0.05084990538521169,10
8501,400000,100,10,0.95,6.8823064958958226e-06,0.0074956497900820354,4.599999999999999e-05,1.0,Zero estimator,1.0000000256256774,0
8501,400000,100,20,0.95,6.8823064958958226e-06,0.0074956497900820354,4.599999999999999e-05,2.0,Thresholded Central-DP Lasso (ours),0.28802175934230523,20
8501,400000,100,20,0.95,6.8823064958958226e-06,0.0074956497900820354,4.599999999999999e-05,2.0,Cai et al. DP-IHT,0.7826602011591303,20
8501,400000,100,20,0.95,6.8823064958958226e-06,0.0074956497900820354,4.599999999999999e-05,2.0,Non-private,0.069744721825718,12
8501,400000,100,20,0.95,6.8823064958958226e-06,0.0074956497900820354,4.599999999999999e-05,2.0,Zero estimator,1.0000000131924012,0
8501,400000,100,40,0.95,6.8823064958958226e-06,0.0074956497900820354,4.599999999999999e-05,4.0,Thresholded Central-DP Lasso (ours),0.2512738364674622,40
8501,400000,100,40,0.95,6.8823064958958226e-06,0.0074956497900820354,4.599999999999999e-05,4.0,Cai et al. DP-IHT,0.9180441983494609,40
8501,400000,100,40,0.95,6.8823064958958226e-06,0.0074956497900820354,4.599999999999999e-05,4.0,Non-private,0.07460496422726837,13
8501,400000,100,40,0.95,6.8823064958958226e-06,0.0074956497900820354,4.599999999999999e-05,4.0,Zero estimator,0.9999999938090877,0
8502,100000,100,5,0.95,3.162277660168376e-05,0.0266277613813966,0.00018399999999999997,0.5,Thresholded Central-DP Lasso (ours),0.378352956298989,5
8502,100000,100,5,0.95,3.162277660168376e-05,0.0266277613813966,0.00018399999999999997,0.5,Cai et al. DP-IHT,0.6028265531740473,5
8502,100000,100,5,0.95,3.162277660168376e-05,0.0266277613813966,0.00018399999999999997,0.5,Non-private,0.06050884788068344,5
8502,100000,100,5,0.95,3.162277660168376e-05,0.0266277613813966,0.00018399999999999997,0.5,Zero estimator,0.9999999544965793,0
8502,100000,100,10,0.95,3.162277660168376e-05,0.0266277613813966,0.00018399999999999997,1.0,Thresholded Central-DP Lasso (ours),0.6708962252854017,10
8502,100000,100,10,0.95,3.162277660168376e-05,0.0266277613813966,0.00018399999999999997,1.0,Cai et al. DP-IHT,0.7967129248970442,10
8502,100000,100,10,0.95,3.162277660168376e-05,0.0266277613813966,0.00018399999999999997,1.0,Non-private,0.0954428201839634,8
8502,100000,100,10,0.95,3.162277660168376e-05,0.0266277613813966,0.00018399999999999997,1.0,Zero estimator,1.0000000256256774,0
8502,100000,100,20,0.95,3.162277660168376e-05,0.0266277613813966,0.00018399999999999997,2.0,Thresholded Central-DP Lasso (ours),0.7313436341183908,20
8502,100000,100,20,0.95,3.162277660168376e-05,0.0266277613813966,0.00018399999999999997,2.0,Cai et al. DP-IHT,1.0618393263998227,20
8502,100000,100,20,0.95,3.162277660168376e-05,0.0266277613813966,0.00018399999999999997,2.0,Non-private,0.11087766506480444,8
8502,100000,100,20,0.95,3.162277660168376e-05,0.0266277613813966,0.00018399999999999997,2.0,Zero estimator,1.0000000131924014,0
8502,100000,100,40,0.95,3.162277660168376e-05,0.0266277613813966,0.00018399999999999997,4.0,Thresholded Central-DP Lasso (ours),0.9883435100621996,40
8502,100000,100,40,0.95,3.162277660168376e-05,0.0266277613813966,0.00018399999999999997,4.0,Cai et al. DP-IHT,1.2998753010481279,40
8502,100000,100,40,0.95,3.162277660168376e-05,0.0266277613813966,0.00018399999999999997,4.0,Non-private,0.11201765706647,9
8502,100000,100,40,0.95,3.162277660168376e-05,0.0266277613813966,0.00018399999999999997,4.0,Zero estimator,0.9999999938090876,0
8502,200000,100,5,0.95,1.4752546926684579e-05,0.014152786679307191,9.199999999999999e-05,0.5,Thresholded Central-DP Lasso (ours),0.3377344614960042,5
8502,200000,100,5,0.95,1.4752546926684579e-05,0.014152786679307191,9.199999999999999e-05,0.5,Cai et al. DP-IHT,0.44120202705528494,5
8502,200000,100,5,0.95,1.4752546926684579e-05,0.014152786679307191,9.199999999999999e-05,0.5,Non-private,0.04345402831406483,5
8502,200000,100,5,0.95,1.4752546926684579e-05,0.014152786679307191,9.199999999999999e-05,0.5,Zero estimator,0.9999999544965793,0
8502,200000,100,10,0.95,1.4752546926684579e-05,0.014152786679307191,9.199999999999999e-05,1.0,Thresholded Central-DP Lasso (ours),0.4198498265180446,10
8502,200000,100,10,0.95,1.4752546926684579e-05,0.014152786679307191,9.199999999999999e-05,1.0,Cai et al. DP-IHT,0.4482313775691867,10
8502,200000,100,10,0.95,1.4752546926684579e-05,0.014152786679307191,9.199999999999999e-05,1.0,Non-private,0.06792570111953708,10
8502,200000,100,10,0.95,1.4752546926684579e-05,0.014152786679307191,9.199999999999999e-05,1.0,Zero estimator,1.0000000256256774,0
8502,200000,100,20,0.95,1.4752546926684579e-05,0.014152786679307191,9.199999999999999e-05,2.0,Thresholded Central-DP Lasso (ours),0.4326191128920095,20
8502,200000,100,20,0.95,1.4752546926684579e-05,0.014152786679307191,9.199999999999999e-05,2.0,Cai et al. DP-IHT,1.0400768341611653,20
8502,200000,100,20,0.95,1.4752546926684579e-05,0.014152786679307191,9.199999999999999e-05,2.0,Non-private,0.08773443934925632,10
8502,200000,100,20,0.95,1.4752546926684579e-05,0.014152786679307191,9.199999999999999e-05,2.0,Zero estimator,1.0000000131924014,0
8502,200000,100,40,0.95,1.4752546926684579e-05,0.014152786679307191,9.199999999999999e-05,4.0,Thresholded Central-DP Lasso (ours),0.5696494121003502,40
8502,200000,100,40,0.95,1.4752546926684579e-05,0.014152786679307191,9.199999999999999e-05,4.0,Cai et al. DP-IHT,1.3088890860495876,40
8502,200000,100,40,0.95,1.4752546926684579e-05,0.014152786679307191,9.199999999999999e-05,4.0,Non-private,0.09197600096929776,10
8502,200000,100,40,0.95,1.4752546926684579e-05,0.014152786679307191,9.199999999999999e-05,4.0,Zero estimator,0.9999999938090877,0
8502,400000,100,5,0.95,6.8823064958958226e-06,0.0074956497900820354,4.599999999999999e-05,0.5,Thresholded Central-DP Lasso (ours),0.13302643060421637,5
8502,400000,100,5,0.95,6.8823064958958226e-06,0.0074956497900820354,4.599999999999999e-05,0.5,Cai et al. DP-IHT,0.08913080872926825,5
8502,400000,100,5,0.95,6.8823064958958226e-06,0.0074956497900820354,4.599999999999999e-05,0.5,Non-private,0.026601627700844913,5
8502,400000,100,5,0.95,6.8823064958958226e-06,0.0074956497900820354,4.599999999999999e-05,0.5,Zero estimator,0.9999999544965793,0
8502,400000,100,10,0.95,6.8823064958958226e-06,0.0074956497900820354,4.599999999999999e-05,1.0,Thresholded Central-DP Lasso (ours),0.17636561862432973,10
8502,400000,100,10,0.95,6.8823064958958226e-06,0.0074956497900820354,4.599999999999999e-05,1.0,Cai et al. DP-IHT,0.4723156554676855,10
8502,400000,100,10,0.95,6.8823064958958226e-06,0.0074956497900820354,4.599999999999999e-05,1.0,Non-private,0.0504237923649584,10
8502,400000,100,10,0.95,6.8823064958958226e-06,0.0074956497900820354,4.599999999999999e-05,1.0,Zero estimator,1.0000000256256774,0
8502,400000,100,20,0.95,6.8823064958958226e-06,0.0074956497900820354,4.599999999999999e-05,2.0,Thresholded Central-DP Lasso (ours),0.25768871283116723,20
8502,400000,100,20,0.95,6.8823064958958226e-06,0.0074956497900820354,4.599999999999999e-05,2.0,Cai et al. DP-IHT,0.6398086435449263,20
8502,400000,100,20,0.95,6.8823064958958226e-06,0.0074956497900820354,4.599999999999999e-05,2.0,Non-private,0.07020510106506359,14
8502,400000,100,20,0.95,6.8823064958958226e-06,0.0074956497900820354,4.599999999999999e-05,2.0,Zero estimator,1.0000000131924012,0
8502,400000,100,40,0.95,6.8823064958958226e-06,0.0074956497900820354,4.599999999999999e-05,4.0,Thresholded Central-DP Lasso (ours),0.21678015985010665,40
8502,400000,100,40,0.95,6.8823064958958226e-06,0.0074956497900820354,4.599999999999999e-05,4.0,Cai et al. DP-IHT,1.2934192769629922,40
8502,400000,100,40,0.95,6.8823064958958226e-06,0.0074956497900820354,4.599999999999999e-05,4.0,Non-private,0.074360633612016,13
8502,400000,100,40,0.95,6.8823064958958226e-06,0.0074956497900820354,4.599999999999999e-05,4.0,Zero estimator,0.9999999938090876,0
8503,100000,100,5,0.95,3.162277660168376e-05,0.0266277613813966,0.00018399999999999997,0.5,Thresholded Central-DP Lasso (ours),0.644383411657051,5
8503,100000,100,5,0.95,3.162277660168376e-05,0.0266277613813966,0.00018399999999999997,0.5,Cai et al. DP-IHT,0.5835273163858664,5
8503,100000,100,5,0.95,3.162277660168376e-05,0.0266277613813966,0.00018399999999999997,0.5,Non-private,0.061464377127241704,5
8503,100000,100,5,0.95,3.162277660168376e-05,0.0266277613813966,0.00018399999999999997,0.5,Zero estimator,0.9999999544965793,0
8503,100000,100,10,0.95,3.162277660168376e-05,0.0266277613813966,0.00018399999999999997,1.0,Thresholded Central-DP Lasso (ours),0.5475202717600077,10
8503,100000,100,10,0.95,3.162277660168376e-05,0.0266277613813966,0.00018399999999999997,1.0,Cai et al. DP-IHT,0.890337733750265,10
8503,100000,100,10,0.95,3.162277660168376e-05,0.0266277613813966,0.00018399999999999997,1.0,Non-private,0.09439052509971489,7
8503,100000,100,10,0.95,3.162277660168376e-05,0.0266277613813966,0.00018399999999999997,1.0,Zero estimator,1.0000000256256774,0
8503,100000,100,20,0.95,3.162277660168376e-05,0.0266277613813966,0.00018399999999999997,2.0,Thresholded Central-DP Lasso (ours),0.8871992510281013,20
8503,100000,100,20,0.95,3.162277660168376e-05,0.0266277613813966,0.00018399999999999997,2.0,Cai et al. DP-IHT,1.1068056054362476,20
8503,100000,100,20,0.95,3.162277660168376e-05,0.0266277613813966,0.00018399999999999997,2.0,Non-private,0.11206952066141124,8
8503,100000,100,20,0.95,3.162277660168376e-05,0.0266277613813966,0.00018399999999999997,2.0,Zero estimator,1.0000000131924014,0
8503,100000,100,40,0.95,3.162277660168376e-05,0.0266277613813966,0.00018399999999999997,4.0,Thresholded Central-DP Lasso (ours),0.8464396851279558,40
8503,100000,100,40,0.95,3.162277660168376e-05,0.0266277613813966,0.00018399999999999997,4.0,Cai et al. DP-IHT,1.2759834919403932,40
8503,100000,100,40,0.95,3.162277660168376e-05,0.0266277613813966,0.00018399999999999997,4.0,Non-private,0.11477333318555141,8
8503,100000,100,40,0.95,3.162277660168376e-05,0.0266277613813966,0.00018399999999999997,4.0,Zero estimator,1.0000000728062663,0
8503,200000,100,5,0.95,1.4752546926684579e-05,0.014152786679307191,9.199999999999999e-05,0.5,Thresholded Central-DP Lasso (ours),0.3665100148150659,5
8503,200000,100,5,0.95,1.4752546926684579e-05,0.014152786679307191,9.199999999999999e-05,0.5,Cai et al. DP-IHT,0.27169649993934114,5
8503,200000,100,5,0.95,1.4752546926684579e-05,0.014152786679307191,9.199999999999999e-05,0.5,Non-private,0.0415871267311552,5
8503,200000,100,5,0.95,1.4752546926684579e-05,0.014152786679307191,9.199999999999999e-05,0.5,Zero estimator,0.9999999544965793,0
8503,200000,100,10,0.95,1.4752546926684579e-05,0.014152786679307191,9.199999999999999e-05,1.0,Thresholded Central-DP Lasso (ours),0.35307008751131486,10
8503,200000,100,10,0.95,1.4752546926684579e-05,0.014152786679307191,9.199999999999999e-05,1.0,Cai et al. DP-IHT,0.6613810549832974,10
8503,200000,100,10,0.95,1.4752546926684579e-05,0.014152786679307191,9.199999999999999e-05,1.0,Non-private,0.0697073832486922,10
8503,200000,100,10,0.95,1.4752546926684579e-05,0.014152786679307191,9.199999999999999e-05,1.0,Zero estimator,1.0000000256256774,0
8503,200000,100,20,0.95,1.4752546926684579e-05,0.014152786679307191,9.199999999999999e-05,2.0,Thresholded Central-DP Lasso (ours),0.48186459845099994,20
8503,200000,100,20,0.95,1.4752546926684579e-05,0.014152786679307191,9.199999999999999e-05,2.0,Cai et al. DP-IHT,0.964537256367058,20
8503,200000,100,20,0.95,1.4752546926684579e-05,0.014152786679307191,9.199999999999999e-05,2.0,Non-private,0.08957108461402517,10
8503,200000,100,20,0.95,1.4752546926684579e-05,0.014152786679307191,9.199999999999999e-05,2.0,Zero estimator,1.0000000131924012,0
8503,200000,100,40,0.95,1.4752546926684579e-05,0.014152786679307191,9.199999999999999e-05,4.0,Thresholded Central-DP Lasso (ours),0.5265397479981959,40
8503,200000,100,40,0.95,1.4752546926684579e-05,0.014152786679307191,9.199999999999999e-05,4.0,Cai et al. DP-IHT,1.41549758682609,40
8503,200000,100,40,0.95,1.4752546926684579e-05,0.014152786679307191,9.199999999999999e-05,4.0,Non-private,0.09636138229123119,9
8503,200000,100,40,0.95,1.4752546926684579e-05,0.014152786679307191,9.199999999999999e-05,4.0,Zero estimator,0.9999999938090877,0
8503,400000,100,5,0.95,6.8823064958958226e-06,0.0074956497900820354,4.599999999999999e-05,0.5,Thresholded Central-DP Lasso (ours),0.13243227649487638,5
8503,400000,100,5,0.95,6.8823064958958226e-06,0.0074956497900820354,4.599999999999999e-05,0.5,Cai et al. DP-IHT,0.28714215206876004,5
8503,400000,100,5,0.95,6.8823064958958226e-06,0.0074956497900820354,4.599999999999999e-05,0.5,Non-private,0.027666194597878235,5
8503,400000,100,5,0.95,6.8823064958958226e-06,0.0074956497900820354,4.599999999999999e-05,0.5,Zero estimator,0.9999999544965793,0
8503,400000,100,10,0.95,6.8823064958958226e-06,0.0074956497900820354,4.599999999999999e-05,1.0,Thresholded Central-DP Lasso (ours),0.15005606941711416,10
8503,400000,100,10,0.95,6.8823064958958226e-06,0.0074956497900820354,4.599999999999999e-05,1.0,Cai et al. DP-IHT,0.26397753035756366,10
8503,400000,100,10,0.95,6.8823064958958226e-06,0.0074956497900820354,4.599999999999999e-05,1.0,Non-private,0.046139312317807116,10
8503,400000,100,10,0.95,6.8823064958958226e-06,0.0074956497900820354,4.599999999999999e-05,1.0,Zero estimator,1.0000000256256774,0
8503,400000,100,20,0.95,6.8823064958958226e-06,0.0074956497900820354,4.599999999999999e-05,2.0,Thresholded Central-DP Lasso (ours),0.2520282612593735,20
8503,400000,100,20,0.95,6.8823064958958226e-06,0.0074956497900820354,4.599999999999999e-05,2.0,Cai et al. DP-IHT,0.6499508513194776,20
8503,400000,100,20,0.95,6.8823064958958226e-06,0.0074956497900820354,4.599999999999999e-05,2.0,Non-private,0.06695176205399678,14
8503,400000,100,20,0.95,6.8823064958958226e-06,0.0074956497900820354,4.599999999999999e-05,2.0,Zero estimator,1.0000000131924012,0
8503,400000,100,40,0.95,6.8823064958958226e-06,0.0074956497900820354,4.599999999999999e-05,4.0,Thresholded Central-DP Lasso (ours),0.29290449414251746,40
8503,400000,100,40,0.95,6.8823064958958226e-06,0.0074956497900820354,4.599999999999999e-05,4.0,Cai et al. DP-IHT,1.0708380782827702,40
8503,400000,100,40,0.95,6.8823064958958226e-06,0.0074956497900820354,4.599999999999999e-05,4.0,Non-private,0.07345285270854413,13
8503,400000,100,40,0.95,6.8823064958958226e-06,0.0074956497900820354,4.599999999999999e-05,4.0,Zero estimator,0.9999999938090876,0
8504,100000,100,5,0.95,3.162277660168376e-05,0.0266277613813966,0.00018399999999999997,0.5,Thresholded Central-DP Lasso (ours),0.5477481540778749,5
8504,100000,100,5,0.95,3.162277660168376e-05,0.0266277613813966,0.00018399999999999997,0.5,Cai et al. DP-IHT,0.7538729391442975,5
8504,100000,100,5,0.95,3.162277660168376e-05,0.0266277613813966,0.00018399999999999997,0.5,Non-private,0.06020293763341281,5
8504,100000,100,5,0.95,3.162277660168376e-05,0.0266277613813966,0.00018399999999999997,0.5,Zero estimator,0.9999999544965793,0
8504,100000,100,10,0.95,3.162277660168376e-05,0.0266277613813966,0.00018399999999999997,1.0,Thresholded Central-DP Lasso (ours),0.6861724212950645,10
8504,100000,100,10,0.95,3.162277660168376e-05,0.0266277613813966,0.00018399999999999997,1.0,Cai et al. DP-IHT,0.8588542096932202,10
8504,100000,100,10,0.95,3.162277660168376e-05,0.0266277613813966,0.00018399999999999997,1.0,Non-private,0.09336656038555398,8
8504,100000,100,10,0.95,3.162277660168376e-05,0.0266277613813966,0.00018399999999999997,1.0,Zero estimator,1.0000000256256774,0
8504,100000,100,20,0.95,3.162277660168376e-05,0.0266277613813966,0.00018399999999999997,2.0,Thresholded Central-DP Lasso (ours),0.8139363254790277,20
8504,100000,100,20,0.95,3.162277660168376e-05,0.0266277613813966,0.00018399999999999997,2.0,Cai et al. DP-IHT,1.3329287884933834,20
8504,100000,100,20,0.95,3.162277660168376e-05,0.0266277613813966,0.00018399999999999997,2.0,Non-private,0.11028033131582676,9
8504,100000,100,20,0.95,3.162277660168376e-05,0.0266277613813966,0.00018399999999999997,2.0,Zero estimator,1.0000000131924012,0
8504,100000,100,40,0.95,3.162277660168376e-05,0.0266277613813966,0.00018399999999999997,4.0,Thresholded Central-DP Lasso (ours),0.8845884398853188,40
8504,100000,100,40,0.95,3.162277660168376e-05,0.0266277613813966,0.00018399999999999997,4.0,Cai et al. DP-IHT,1.2705668317903407,40
8504,100000,100,40,0.95,3.162277660168376e-05,0.0266277613813966,0.00018399999999999997,4.0,Non-private,0.11353245234957807,9
8504,100000,100,40,0.95,3.162277660168376e-05,0.0266277613813966,0.00018399999999999997,4.0,Zero estimator,0.9999999938090877,0
8504,200000,100,5,0.95,1.4752546926684579e-05,0.014152786679307191,9.199999999999999e-05,0.5,Thresholded Central-DP Lasso (ours),0.16562267399831926,5
8504,200000,100,5,0.95,1.4752546926684579e-05,0.014152786679307191,9.199999999999999e-05,0.5,Cai et al. DP-IHT,0.47121775982635455,5
8504,200000,100,5,0.95,1.4752546926684579e-05,0.014152786679307191,9.199999999999999e-05,0.5,Non-private,0.04193643214575771,5
8504,200000,100,5,0.95,1.4752546926684579e-05,0.014152786679307191,9.199999999999999e-05,0.5,Zero estimator,0.9999999544965793,0
8504,200000,100,10,0.95,1.4752546926684579e-05,0.014152786679307191,9.199999999999999e-05,1.0,Thresholded Central-DP Lasso (ours),0.36610497868676406,10
8504,200000,100,10,0.95,1.4752546926684579e-05,0.014152786679307191,9.199999999999999e-05,1.0,Cai et al. DP-IHT,0.7294805032569892,10
8504,200000,100,10,0.95,1.4752546926684579e-05,0.014152786679307191,9.199999999999999e-05,1.0,Non-private,0.07085478825906076,10
8504,200000,100,10,0.95,1.4752546926684579e-05,0.014152786679307191,9.199999999999999e-05,1.0,Zero estimator,1.0000000256256774,0
8504,200000,100,20,0.95,1.4752546926684579e-05,0.014152786679307191,9.199999999999999e-05,2.0,Thresholded Central-DP Lasso (ours),0.41388107799615365,20
8504,200000,100,20,0.95,1.4752546926684579e-05,0.014152786679307191,9.199999999999999e-05,2.0,Cai et al. DP-IHT,0.9281634170839781,20
8504,200000,100,20,0.95,1.4752546926684579e-05,0.014152786679307191,9.199999999999999e-05,2.0,Non-private,0.08941809573831336,11
8504,200000,100,20,0.95,1.4752546926684579e-05,0.014152786679307191,9.199999999999999e-05,2.0,Zero estimator,1.0000000131924012,0
8504,200000,100,40,0.95,1.4752546926684579e-05,0.014152786679307191,9.199999999999999e-05,4.0,Thresholded Central-DP Lasso (ours),0.47274638086986165,40
8504,200000,100,40,0.95,1.4752546926684579e-05,0.014152786679307191,9.199999999999999e-05,4.0,Cai et al. DP-IHT,1.4602014184888439,40
8504,200000,100,40,0.95,1.4752546926684579e-05,0.014152786679307191,9.199999999999999e-05,4.0,Non-private,0.09142618246853206,10
8504,200000,100,40,0.95,1.4752546926684579e-05,0.014152786679307191,9.199999999999999e-05,4.0,Zero estimator,0.9999999938090877,0
8504,400000,100,5,0.95,6.8823064958958226e-06,0.0074956497900820354,4.599999999999999e-05,0.5,Thresholded Central-DP Lasso (ours),0.1325290057822105,5
8504,400000,100,5,0.95,6.8823064958958226e-06,0.0074956497900820354,4.599999999999999e-05,0.5,Cai et al. DP-IHT,0.17894908516148597,5
8504,400000,100,5,0.95,6.8823064958958226e-06,0.0074956497900820354,4.599999999999999e-05,0.5,Non-private,0.03124017419739492,5
8504,400000,100,5,0.95,6.8823064958958226e-06,0.0074956497900820354,4.599999999999999e-05,0.5,Zero estimator,0.9999999544965793,0
8504,400000,100,10,0.95,6.8823064958958226e-06,0.0074956497900820354,4.599999999999999e-05,1.0,Thresholded Central-DP Lasso (ours),0.1873824363831836,10
8504,400000,100,10,0.95,6.8823064958958226e-06,0.0074956497900820354,4.599999999999999e-05,1.0,Cai et al. DP-IHT,0.3761711859456252,10
8504,400000,100,10,0.95,6.8823064958958226e-06,0.0074956497900820354,4.599999999999999e-05,1.0,Non-private,0.04812567635748841,10
8504,400000,100,10,0.95,6.8823064958958226e-06,0.0074956497900820354,4.599999999999999e-05,1.0,Zero estimator,1.0000000256256774,0
8504,400000,100,20,0.95,6.8823064958958226e-06,0.0074956497900820354,4.599999999999999e-05,2.0,Thresholded Central-DP Lasso (ours),0.24802525692752184,20
8504,400000,100,20,0.95,6.8823064958958226e-06,0.0074956497900820354,4.599999999999999e-05,2.0,Cai et al. DP-IHT,0.7621542189306768,20
8504,400000,100,20,0.95,6.8823064958958226e-06,0.0074956497900820354,4.599999999999999e-05,2.0,Non-private,0.06945133190702188,12
8504,400000,100,20,0.95,6.8823064958958226e-06,0.0074956497900820354,4.599999999999999e-05,2.0,Zero estimator,1.0000000131924012,0
8504,400000,100,40,0.95,6.8823064958958226e-06,0.0074956497900820354,4.599999999999999e-05,4.0,Thresholded Central-DP Lasso (ours),0.2589732101027794,40
8504,400000,100,40,0.95,6.8823064958958226e-06,0.0074956497900820354,4.599999999999999e-05,4.0,Cai et al. DP-IHT,0.7110061030367453,40
8504,400000,100,40,0.95,6.8823064958958226e-06,0.0074956497900820354,4.599999999999999e-05,4.0,Non-private,0.07142084240735853,13
8504,400000,100,40,0.95,6.8823064958958226e-06,0.0074956497900820354,4.599999999999999e-05,4.0,Zero estimator,0.9999999938090876,0
8505,100000,100,5,0.95,3.162277660168376e-05,0.0266277613813966,0.00018399999999999997,0.5,Thresholded Central-DP Lasso (ours),0.6680596844306087,5
8505,100000,100,5,0.95,3.162277660168376e-05,0.0266277613813966,0.00018399999999999997,0.5,Cai et al. DP-IHT,0.600435243953995,5
8505,100000,100,5,0.95,3.162277660168376e-05,0.0266277613813966,0.00018399999999999997,0.5,Non-private,0.061808259713776986,5
8505,100000,100,5,0.95,3.162277660168376e-05,0.0266277613813966,0.00018399999999999997,0.5,Zero estimator,0.9999999544965793,0
8505,100000,100,10,0.95,3.162277660168376e-05,0.0266277613813966,0.00018399999999999997,1.0,Thresholded Central-DP Lasso (ours),0.6669097887621265,10
8505,100000,100,10,0.95,3.162277660168376e-05,0.0266277613813966,0.00018399999999999997,1.0,Cai et al. DP-IHT,0.805133782549021,10
8505,100000,100,10,0.95,3.162277660168376e-05,0.0266277613813966,0.00018399999999999997,1.0,Non-private,0.09871871687059437,8
8505,100000,100,10,0.95,3.162277660168376e-05,0.0266277613813966,0.00018399999999999997,1.0,Zero estimator,1.0000000256256774,0
8505,100000,100,20,0.95,3.162277660168376e-05,0.0266277613813966,0.00018399999999999997,2.0,Thresholded Central-DP Lasso (ours),0.7007873759481782,20
8505,100000,100,20,0.95,3.162277660168376e-05,0.0266277613813966,0.00018399999999999997,2.0,Cai et al. DP-IHT,1.263669605957268,20
8505,100000,100,20,0.95,3.162277660168376e-05,0.0266277613813966,0.00018399999999999997,2.0,Non-private,0.1084523411732235,8
8505,100000,100,20,0.95,3.162277660168376e-05,0.0266277613813966,0.00018399999999999997,2.0,Zero estimator,1.0000000131924012,0
8505,100000,100,40,0.95,3.162277660168376e-05,0.0266277613813966,0.00018399999999999997,4.0,Thresholded Central-DP Lasso (ours),0.8317305808025316,40
8505,100000,100,40,0.95,3.162277660168376e-05,0.0266277613813966,0.00018399999999999997,4.0,Cai et al. DP-IHT,1.3671126711551036,40
8505,100000,100,40,0.95,3.162277660168376e-05,0.0266277613813966,0.00018399999999999997,4.0,Non-private,0.11489796576932121,8
8505,100000,100,40,0.95,3.162277660168376e-05,0.0266277613813966,0.00018399999999999997,4.0,Zero estimator,0.9999999938090877,0
8505,200000,100,5,0.95,1.4752546926684579e-05,0.014152786679307191,9.199999999999999e-05,0.5,Thresholded Central-DP Lasso (ours),0.3368879277953907,5
8505,200000,100,5,0.95,1.4752546926684579e-05,0.014152786679307191,9.199999999999999e-05,0.5,Cai et al. DP-IHT,0.5410762642841624,5
8505,200000,100,5,0.95,1.4752546926684579e-05,0.014152786679307191,9.199999999999999e-05,0.5,Non-private,0.042533120420869326,5
8505,200000,100,5,0.95,1.4752546926684579e-05,0.014152786679307191,9.199999999999999e-05,0.5,Zero estimator,0.9999999544965793,0
8505,200000,100,10,0.95,1.4752546926684579e-05,0.014152786679307191,9.199999999999999e-05,1.0,Thresholded Central-DP Lasso (ours),0.4261454069695192,10
8505,200000,100,10,0.95,1.4752546926684579e-05,0.014152786679307191,9.199999999999999e-05,1.0,Cai et al. DP-IHT,0.4133497201137975,10
8505,200000,100,10,0.95,1.4752546926684579e-05,0.014152786679307191,9.199999999999999e-05,1.0,Non-private,0.073231474589082,10
8505,200000,100,10,0.95,1.4752546926684579e-05,0.014152786679307191,9.199999999999999e-05,1.0,Zero estimator,1.0000000256256774,0
8505,200000,100,20,0.95,1.4752546926684579e-05,0.014152786679307191,9.199999999999999e-05,2.0,Thresholded Central-DP Lasso (ours),0.52223910943172,20
8505,200000,100,20,0.95,1.4752546926684579e-05,0.014152786679307191,9.199999999999999e-05,2.0,Cai et al. DP-IHT,0.7520615174969075,20
8505,200000,100,20,0.95,1.4752546926684579e-05,0.014152786679307191,9.199999999999999e-05,2.0,Non-private,0.09140172575217109,10
8505,200000,100,20,0.95,1.4752546926684579e-05,0.014152786679307191,9.199999999999999e-05,2.0,Zero estimator,1.0000000131924012,0
8505,200000,100,40,0.95,1.4752546926684579e-05,0.014152786679307191,9.199999999999999e-05,4.0,Thresholded Central-DP Lasso (ours),0.5250852043874173,40
8505,200000,100,40,0.95,1.4752546926684579e-05,0.014152786679307191,9.199999999999999e-05,4.0,Cai et al. DP-IHT,1.0316304106151084,40
8505,200000,100,40,0.95,1.4752546926684579e-05,0.014152786679307191,9.199999999999999e-05,4.0,Non-private,0.08948892955878414,11
8505,200000,100,40,0.95,1.4752546926684579e-05,0.014152786679307191,9.199999999999999e-05,4.0,Zero estimator,0.9999999938090877,0
8505,400000,100,5,0.95,6.8823064958958226e-06,0.0074956497900820354,4.599999999999999e-05,0.5,Thresholded Central-DP Lasso (ours),0.19575763735608714,5
8505,400000,100,5,0.95,6.8823064958958226e-06,0.0074956497900820354,4.599999999999999e-05,0.5,Cai et al. DP-IHT,0.14195798696645082,5
8505,400000,100,5,0.95,6.8823064958958226e-06,0.0074956497900820354,4.599999999999999e-05,0.5,Non-private,0.029972125620594307,5
8505,400000,100,5,0.95,6.8823064958958226e-06,0.0074956497900820354,4.599999999999999e-05,0.5,Zero estimator,0.9999999544965793,0
8505,400000,100,10,0.95,6.8823064958958226e-06,0.0074956497900820354,4.599999999999999e-05,1.0,Thresholded Central-DP Lasso (ours),0.18572382213536387,10
8505,400000,100,10,0.95,6.8823064958958226e-06,0.0074956497900820354,4.599999999999999e-05,1.0,Cai et al. DP-IHT,0.43451301279203824,10
8505,400000,100,10,0.95,6.8823064958958226e-06,0.0074956497900820354,4.599999999999999e-05,1.0,Non-private,0.048808722166031666,10
8505,400000,100,10,0.95,6.8823064958958226e-06,0.0074956497900820354,4.599999999999999e-05,1.0,Zero estimator,1.0000000256256774,0
8505,400000,100,20,0.95,6.8823064958958226e-06,0.0074956497900820354,4.599999999999999e-05,2.0,Thresholded Central-DP Lasso (ours),0.2592941821179732,20
8505,400000,100,20,0.95,6.8823064958958226e-06,0.0074956497900820354,4.599999999999999e-05,2.0,Cai et al. DP-IHT,0.7643032478918639,20
8505,400000,100,20,0.95,6.8823064958958226e-06,0.0074956497900820354,4.599999999999999e-05,2.0,Non-private,0.06844284441698223,12
8505,400000,100,20,0.95,6.8823064958958226e-06,0.0074956497900820354,4.599999999999999e-05,2.0,Zero estimator,1.0000000131924014,0
8505,400000,100,40,0.95,6.8823064958958226e-06,0.0074956497900820354,4.599999999999999e-05,4.0,Thresholded Central-DP Lasso (ours),0.26042144859486605,40
8505,400000,100,40,0.95,6.8823064958958226e-06,0.0074956497900820354,4.599999999999999e-05,4.0,Cai et al. DP-IHT,0.8006011260607211,40
8505,400000,100,40,0.95,6.8823064958958226e-06,0.0074956497900820354,4.599999999999999e-05,4.0,Non-private,0.07260437029209603,13
8505,400000,100,40,0.95,6.8823064958958226e-06,0.0074956497900820354,4.599999999999999e-05,4.0,Zero estimator,0.9999999938090877,0
8506,100000,100,5,0.95,3.162277660168376e-05,0.0266277613813966,0.00018399999999999997,0.5,Thresholded Central-DP Lasso (ours),0.5452429117971869,5
8506,100000,100,5,0.95,3.162277660168376e-05,0.0266277613813966,0.00018399999999999997,0.5,Cai et al. DP-IHT,0.6092844101210309,5
8506,100000,100,5,0.95,3.162277660168376e-05,0.0266277613813966,0.00018399999999999997,0.5,Non-private,0.06302289661836852,5
8506,100000,100,5,0.95,3.162277660168376e-05,0.0266277613813966,0.00018399999999999997,0.5,Zero estimator,0.9999999544965793,0
8506,100000,100,10,0.95,3.162277660168376e-05,0.0266277613813966,0.00018399999999999997,1.0,Thresholded Central-DP Lasso (ours),0.7714050543618258,10
8506,100000,100,10,0.95,3.162277660168376e-05,0.0266277613813966,0.00018399999999999997,1.0,Cai et al. DP-IHT,0.7605433686168367,10
8506,100000,100,10,0.95,3.162277660168376e-05,0.0266277613813966,0.00018399999999999997,1.0,Non-private,0.09412079372696985,8
8506,100000,100,10,0.95,3.162277660168376e-05,0.0266277613813966,0.00018399999999999997,1.0,Zero estimator,1.0000000256256774,0
8506,100000,100,20,0.95,3.162277660168376e-05,0.0266277613813966,0.00018399999999999997,2.0,Thresholded Central-DP Lasso (ours),0.7863936989232574,20
8506,100000,100,20,0.95,3.162277660168376e-05,0.0266277613813966,0.00018399999999999997,2.0,Cai et al. DP-IHT,0.8198185493628941,20
8506,100000,100,20,0.95,3.162277660168376e-05,0.0266277613813966,0.00018399999999999997,2.0,Non-private,0.11257990361036317,8
8506,100000,100,20,0.95,3.162277660168376e-05,0.0266277613813966,0.00018399999999999997,2.0,Zero estimator,1.0000000131924012,0
8506,100000,100,40,0.95,3.162277660168376e-05,0.0266277613813966,0.00018399999999999997,4.0,Thresholded Central-DP Lasso (ours),0.7951732711065164,40
8506,100000,100,40,0.95,3.162277660168376e-05,0.0266277613813966,0.00018399999999999997,4.0,Cai et al. DP-IHT,1.310067412525242,40
8506,100000,100,40,0.95,3.162277660168376e-05,0.0266277613813966,0.00018399999999999997,4.0,Non-private,0.11247260084801093,8
8506,100000,100,40,0.95,3.162277660168376e-05,0.0266277613813966,0.00018399999999999997,4.0,Zero estimator,1.0000000728062661,0
8506,200000,100,5,0.95,1.4752546926684579e-05,0.014152786679307191,9.199999999999999e-05,0.5,Thresholded Central-DP Lasso (ours),0.3297419913393046,5
8506,200000,100,5,0.95,1.4752546926684579e-05,0.014152786679307191,9.199999999999999e-05,0.5,Cai et al. DP-IHT,0.3377211497291116,5
8506,200000,100,5,0.95,1.4752546926684579e-05,0.014152786679307191,9.199999999999999e-05,0.5,Non-private,0.045428806694581166,5
8506,200000,100,5,0.95,1.4752546926684579e-05,0.014152786679307191,9.199999999999999e-05,0.5,Zero estimator,0.9999999544965793,0
8506,200000,100,10,0.95,1.4752546926684579e-05,0.014152786679307191,9.199999999999999e-05,1.0,Thresholded Central-DP Lasso (ours),0.43362653242848104,10
8506,200000,100,10,0.95,1.4752546926684579e-05,0.014152786679307191,9.199999999999999e-05,1.0,Cai et al. DP-IHT,0.33642987680071035,10
8506,200000,100,10,0.95,1.4752546926684579e-05,0.014152786679307191,9.199999999999999e-05,1.0,Non-private,0.07090371822191933,10
8506,200000,100,10,0.95,1.4752546926684579e-05,0.014152786679307191,9.199999999999999e-05,1.0,Zero estimator,1.0000000256256774,0
8506,200000,100,20,0.95,1.4752546926684579e-05,0.014152786679307191,9.199999999999999e-05,2.0,Thresholded Central-DP Lasso (ours),0.4082059383096933,20
8506,200000,100,20,0.95,1.4752546926684579e-05,0.014152786679307191,9.199999999999999e-05,2.0,Cai et al. DP-IHT,0.9637449127977706,20
8506,200000,100,20,0.95,1.4752546926684579e-05,0.014152786679307191,9.199999999999999e-05,2.0,Non-private,0.0850885165203598,11
8506,200000,100,20,0.95,1.4752546926684579e-05,0.014152786679307191,9.199999999999999e-05,2.0,Zero estimator,1.0000000131924012,0
8506,200000,100,40,0.95,1.4752546926684579e-05,0.014152786679307191,9.199999999999999e-05,4.0,Thresholded Central-DP Lasso (ours),0.5439990459740632,40
8506,200000,100,40,0.95,1.4752546926684579e-05,0.014152786679307191,9.199999999999999e-05,4.0,Cai et al. DP-IHT,1.2073286644664014,40
8506,200000,100,40,0.95,1.4752546926684579e-05,0.014152786679307191,9.199999999999999e-05,4.0,Non-private,0.09320002923340343,10
8506,200000,100,40,0.95,1.4752546926684579e-05,0.014152786679307191,9.199999999999999e-05,4.0,Zero estimator,1.0000000728062661,0
8506,400000,100,5,0.95,6.8823064958958226e-06,0.0074956497900820354,4.599999999999999e-05,0.5,Thresholded Central-DP Lasso (ours),0.14207426847969803,5
8506,400000,100,5,0.95,6.8823064958958226e-06,0.0074956497900820354,4.599999999999999e-05,0.5,Cai et al. DP-IHT,0.36559305979535817,5
8506,400000,100,5,0.95,6.8823064958958226e-06,0.0074956497900820354,4.599999999999999e-05,0.5,Non-private,0.02872319922667565,5
8506,400000,100,5,0.95,6.8823064958958226e-06,0.0074956497900820354,4.599999999999999e-05,0.5,Zero estimator,0.9999999544965793,0
8506,400000,100,10,0.95,6.8823064958958226e-06,0.0074956497900820354,4.599999999999999e-05,1.0,Thresholded Central-DP Lasso (ours),0.18619970617846138,10
8506,400000,100,10,0.95,6.8823064958958226e-06,0.0074956497900820354,4.599999999999999e-05,1.0,Cai et al. DP-IHT,0.3996365144915443,10
8506,400000,100,10,0.95,6.8823064958958226e-06,0.0074956497900820354,4.599999999999999e-05,1.0,Non-private,0.04689904695327642,10
8506,400000,100,10,0.95,6.8823064958958226e-06,0.0074956497900820354,4.599999999999999e-05,1.0,Zero estimator,1.0000000256256774,0
8506,400000,100,20,0.95,6.8823064958958226e-06,0.0074956497900820354,4.599999999999999e-05,2.0,Thresholded Central-DP Lasso (ours),0.2844076421862285,20
8506,400000,100,20,0.95,6.8823064958958226e-06,0.0074956497900820354,4.599999999999999e-05,2.0,Cai et al. DP-IHT,0.7074124237325953,20
8506,400000,100,20,0.95,6.8823064958958226e-06,0.0074956497900820354,4.599999999999999e-05,2.0,Non-private,0.06900256200291177,13
8506,400000,100,20,0.95,6.8823064958958226e-06,0.0074956497900820354,4.599999999999999e-05,2.0,Zero estimator,1.0000000131924012,0
8506,400000,100,40,0.95,6.8823064958958226e-06,0.0074956497900820354,4.599999999999999e-05,4.0,Thresholded Central-DP Lasso (ours),0.25499462492482744,40
8506,400000,100,40,0.95,6.8823064958958226e-06,0.0074956497900820354,4.599999999999999e-05,4.0,Cai et al. DP-IHT,1.1116180004126344,40
8506,400000,100,40,0.95,6.8823064958958226e-06,0.0074956497900820354,4.599999999999999e-05,4.0,Non-private,0.07328937924289361,13
8506,400000,100,40,0.95,6.8823064958958226e-06,0.0074956497900820354,4.599999999999999e-05,4.0,Zero estimator,0.9999999938090877,0
8507,100000,100,5,0.95,3.162277660168376e-05,0.0266277613813966,0.00018399999999999997,0.5,Thresholded Central-DP Lasso (ours),0.49607231799070506,5
8507,100000,100,5,0.95,3.162277660168376e-05,0.0266277613813966,0.00018399999999999997,0.5,Cai et al. DP-IHT,0.7602994331375619,5
8507,100000,100,5,0.95,3.162277660168376e-05,0.0266277613813966,0.00018399999999999997,0.5,Non-private,0.05766672398746453,5
8507,100000,100,5,0.95,3.162277660168376e-05,0.0266277613813966,0.00018399999999999997,0.5,Zero estimator,0.9999999544965793,0
8507,100000,100,10,0.95,3.162277660168376e-05,0.0266277613813966,0.00018399999999999997,1.0,Thresholded Central-DP Lasso (ours),0.7577602807652867,10
8507,100000,100,10,0.95,3.162277660168376e-05,0.0266277613813966,0.00018399999999999997,1.0,Cai et al. DP-IHT,0.6282003264459991,10
8507,100000,100,10,0.95,3.162277660168376e-05,0.0266277613813966,0.00018399999999999997,1.0,Non-private,0.09168495931223376,9
8507,100000,100,10,0.95,3.162277660168376e-05,0.0266277613813966,0.00018399999999999997,1.0,Zero estimator,1.0000000256256774,0
8507,100000,100,20,0.95,3.162277660168376e-05,0.0266277613813966,0.00018399999999999997,2.0,Thresholded Central-DP Lasso (ours),0.742274059130766,20
8507,100000,100,20,0.95,3.162277660168376e-05,0.0266277613813966,0.00018399999999999997,2.0,Cai et al. DP-IHT,1.285712548859874,20
8507,100000,100,20,0.95,3.162277660168376e-05,0.0266277613813966,0.00018399999999999997,2.0,Non-private,0.1125833579743589,8
8507,100000,100,20,0.95,3.162277660168376e-05,0.0266277613813966,0.00018399999999999997,2.0,Zero estimator,1.0000000131924012,0
8507,100000,100,40,0.95,3.162277660168376e-05,0.0266277613813966,0.00018399999999999997,4.0,Thresholded Central-DP Lasso (ours),0.7486311882821689,40
8507,100000,100,40,0.95,3.162277660168376e-05,0.0266277613813966,0.00018399999999999997,4.0,Cai et al. DP-IHT,1.4047295627529017,40
8507,100000,100,40,0.95,3.162277660168376e-05,0.0266277613813966,0.00018399999999999997,4.0,Non-private,0.11373341083414998,8
8507,100000,100,40,0.95,3.162277660168376e-05,0.0266277613813966,0.00018399999999999997,4.0,Zero estimator,0.9999999938090877,0
8507,200000,100,5,0.95,1.4752546926684579e-05,0.014152786679307191,9.199999999999999e-05,0.5,Thresholded Central-DP Lasso (ours),0.2332122649128137,5
8507,200000,100,5,0.95,1.4752546926684579e-05,0.014152786679307191,9.199999999999999e-05,0.5,Cai et al. DP-IHT,0.24665080554851215,5
8507,200000,100,5,0.95,1.4752546926684579e-05,0.014152786679307191,9.199999999999999e-05,0.5,Non-private,0.04089736504407142,5
8507,200000,100,5,0.95,1.4752546926684579e-05,0.014152786679307191,9.199999999999999e-05,0.5,Zero estimator,0.9999999544965793,0
8507,200000,100,10,0.95,1.4752546926684579e-05,0.014152786679307191,9.199999999999999e-05,1.0,Thresholded Central-DP Lasso (ours),0.47738111061268046,10
8507,200000,100,10,0.95,1.4752546926684579e-05,0.014152786679307191,9.199999999999999e-05,1.0,Cai et al. DP-IHT,0.6501669266175648,10
8507,200000,100,10,0.95,1.4752546926684579e-05,0.014152786679307191,9.199999999999999e-05,1.0,Non-private,0.06759626351750425,10
8507,200000,100,10,0.95,1.4752546926684579e-05,0.014152786679307191,9.199999999999999e-05,1.0,Zero estimator,1.0000000256256774,0
8507,200000,100,20,0.95,1.4752546926684579e-05,0.014152786679307191,9.199999999999999e-05,2.0,Thresholded Central-DP Lasso (ours),0.6056040526018287,20
8507,200000,100,20,0.95,1.4752546926684579e-05,0.014152786679307191,9.199999999999999e-05,2.0,Cai et al. DP-IHT,1.171864712358897,20
8507,200000,100,20,0.95,1.4752546926684579e-05,0.014152786679307191,9.199999999999999e-05,2.0,Non-private,0.0912379761043699,10
8507,200000,100,20,0.95,1.4752546926684579e-05,0.014152786679307191,9.199999999999999e-05,2.0,Zero estimator,1.0000000131924014,0
8507,200000,100,40,0.95,1.4752546926684579e-05,0.014152786679307191,9.199999999999999e-05,4.0,Thresholded Central-DP Lasso (ours),0.6062846604460996,40
8507,200000,100,40,0.95,1.4752546926684579e-05,0.014152786679307191,9.199999999999999e-05,4.0,Cai et al. DP-IHT,1.2215517083040441,40
8507,200000,100,40,0.95,1.4752546926684579e-05,0.014152786679307191,9.199999999999999e-05,4.0,Non-private,0.09001014886801806,11
8507,200000,100,40,0.95,1.4752546926684579e-05,0.014152786679307191,9.199999999999999e-05,4.0,Zero estimator,0.9999999938090877,0
8507,400000,100,5,0.95,6.8823064958958226e-06,0.0074956497900820354,4.599999999999999e-05,0.5,Thresholded Central-DP Lasso (ours),0.12294097559257401,5
8507,400000,100,5,0.95,6.8823064958958226e-06,0.0074956497900820354,4.599999999999999e-05,0.5,Cai et al. DP-IHT,0.25578450753344073,5
8507,400000,100,5,0.95,6.8823064958958226e-06,0.0074956497900820354,4.599999999999999e-05,0.5,Non-private,0.028235805191172515,5
8507,400000,100,5,0.95,6.8823064958958226e-06,0.0074956497900820354,4.599999999999999e-05,0.5,Zero estimator,0.9999999544965793,0
8507,400000,100,10,0.95,6.8823064958958226e-06,0.0074956497900820354,4.599999999999999e-05,1.0,Thresholded Central-DP Lasso (ours),0.20245036473191977,10
8507,400000,100,10,0.95,6.8823064958958226e-06,0.0074956497900820354,4.599999999999999e-05,1.0,Cai et al. DP-IHT,0.39666341014727335,10
8507,400000,100,10,0.95,6.8823064958958226e-06,0.0074956497900820354,4.599999999999999e-05,1.0,Non-private,0.048641652046664145,10
8507,400000,100,10,0.95,6.8823064958958226e-06,0.0074956497900820354,4.599999999999999e-05,1.0,Zero estimator,1.0000000256256774,0
8507,400000,100,20,0.95,6.8823064958958226e-06,0.0074956497900820354,4.599999999999999e-05,2.0,Thresholded Central-DP Lasso (ours),0.21445873314136166,20
8507,400000,100,20,0.95,6.8823064958958226e-06,0.0074956497900820354,4.599999999999999e-05,2.0,Cai et al. DP-IHT,0.733356529431232,20
8507,400000,100,20,0.95,6.8823064958958226e-06,0.0074956497900820354,4.599999999999999e-05,2.0,Non-private,0.06828119048624777,14
8507,400000,100,20,0.95,6.8823064958958226e-06,0.0074956497900820354,4.599999999999999e-05,2.0,Zero estimator,1.0000000131924012,0
8507,400000,100,40,0.95,6.8823064958958226e-06,0.0074956497900820354,4.599999999999999e-05,4.0,Thresholded Central-DP Lasso (ours),0.22261726188596426,40
8507,400000,100,40,0.95,6.8823064958958226e-06,0.0074956497900820354,4.599999999999999e-05,4.0,Cai et al. DP-IHT,0.8929146186149187,40
8507,400000,100,40,0.95,6.8823064958958226e-06,0.0074956497900820354,4.599999999999999e-05,4.0,Non-private,0.07277290347669554,12
8507,400000,100,40,0.95,6.8823064958958226e-06,0.0074956497900820354,4.599999999999999e-05,4.0,Zero estimator,0.9999999938090877,0
8508,100000,100,5,0.95,3.162277660168376e-05,0.0266277613813966,0.00018399999999999997,0.5,Thresholded Central-DP Lasso (ours),0.812133830209705,5
8508,100000,100,5,0.95,3.162277660168376e-05,0.0266277613813966,0.00018399999999999997,0.5,Cai et al. DP-IHT,0.8089263831125006,5
8508,100000,100,5,0.95,3.162277660168376e-05,0.0266277613813966,0.00018399999999999997,0.5,Non-private,0.0621019259136841,5
8508,100000,100,5,0.95,3.162277660168376e-05,0.0266277613813966,0.00018399999999999997,0.5,Zero estimator,0.9999999544965793,0
8508,100000,100,10,0.95,3.162277660168376e-05,0.0266277613813966,0.00018399999999999997,1.0,Thresholded Central-DP Lasso (ours),0.7489401023452925,10
8508,100000,100,10,0.95,3.162277660168376e-05,0.0266277613813966,0.00018399999999999997,1.0,Cai et al. DP-IHT,0.924733357762964,10
8508,100000,100,10,0.95,3.162277660168376e-05,0.0266277613813966,0.00018399999999999997,1.0,Non-private,0.10118001330524361,8
8508,100000,100,10,0.95,3.162277660168376e-05,0.0266277613813966,0.00018399999999999997,1.0,Zero estimator,1.0000000256256774,0
8508,100000,100,20,0.95,3.162277660168376e-05,0.0266277613813966,0.00018399999999999997,2.0,Thresholded Central-DP Lasso (ours),0.7582323344644,20
8508,100000,100,20,0.95,3.162277660168376e-05,0.0266277613813966,0.00018399999999999997,2.0,Cai et al. DP-IHT,1.2735903629632814,20
8508,100000,100,20,0.95,3.162277660168376e-05,0.0266277613813966,0.00018399999999999997,2.0,Non-private,0.10968080544171364,8
8508,100000,100,20,0.95,3.162277660168376e-05,0.0266277613813966,0.00018399999999999997,2.0,Zero estimator,1.0000000131924012,0
8508,100000,100,40,0.95,3.162277660168376e-05,0.0266277613813966,0.00018399999999999997,4.0,Thresholded Central-DP Lasso (ours),0.7924570723950847,40
8508,100000,100,40,0.95,3.162277660168376e-05,0.0266277613813966,0.00018399999999999997,4.0,Cai et al. DP-IHT,1.2787277960933985,40
8508,100000,100,40,0.95,3.162277660168376e-05,0.0266277613813966,0.00018399999999999997,4.0,Non-private,0.11628238073786712,8
8508,100000,100,40,0.95,3.162277660168376e-05,0.0266277613813966,0.00018399999999999997,4.0,Zero estimator,1.0000000728062661,0
8508,200000,100,5,0.95,1.4752546926684579e-05,0.014152786679307191,9.199999999999999e-05,0.5,Thresholded Central-DP Lasso (ours),0.2817333749946951,5
8508,200000,100,5,0.95,1.4752546926684579e-05,0.014152786679307191,9.199999999999999e-05,0.5,Cai et al. DP-IHT,0.4651968740585005,5
8508,200000,100,5,0.95,1.4752546926684579e-05,0.014152786679307191,9.199999999999999e-05,0.5,Non-private,0.04642415057850377,5
8508,200000,100,5,0.95,1.4752546926684579e-05,0.014152786679307191,9.199999999999999e-05,0.5,Zero estimator,0.9999999544965793,0
8508,200000,100,10,0.95,1.4752546926684579e-05,0.014152786679307191,9.199999999999999e-05,1.0,Thresholded Central-DP Lasso (ours),0.37279878551724943,10
8508,200000,100,10,0.95,1.4752546926684579e-05,0.014152786679307191,9.199999999999999e-05,1.0,Cai et al. DP-IHT,0.5690588943024749,10
8508,200000,100,10,0.95,1.4752546926684579e-05,0.014152786679307191,9.199999999999999e-05,1.0,Non-private,0.07026341914725223,10
8508,200000,100,10,0.95,1.4752546926684579e-05,0.014152786679307191,9.199999999999999e-05,1.0,Zero estimator,1.0000000256256774,0
8508,200000,100,20,0.95,1.4752546926684579e-05,0.014152786679307191,9.199999999999999e-05,2.0,Thresholded Central-DP Lasso (ours),0.4873326350512932,20
8508,200000,100,20,0.95,1.4752546926684579e-05,0.014152786679307191,9.199999999999999e-05,2.0,Cai et al. DP-IHT,1.0046037973572821,20
8508,200000,100,20,0.95,1.4752546926684579e-05,0.014152786679307191,9.199999999999999e-05,2.0,Non-private,0.09034053343324243,10
8508,200000,100,20,0.95,1.4752546926684579e-05,0.014152786679307191,9.199999999999999e-05,2.0,Zero estimator,1.0000000131924012,0
8508,200000,100,40,0.95,1.4752546926684579e-05,0.014152786679307191,9.199999999999999e-05,4.0,Thresholded Central-DP Lasso (ours),0.4818796265146228,40
8508,200000,100,40,0.95,1.4752546926684579e-05,0.014152786679307191,9.199999999999999e-05,4.0,Cai et al. DP-IHT,1.1249597975555146,40
8508,200000,100,40,0.95,1.4752546926684579e-05,0.014152786679307191,9.199999999999999e-05,4.0,Non-private,0.09247851119226154,10
8508,200000,100,40,0.95,1.4752546926684579e-05,0.014152786679307191,9.199999999999999e-05,4.0,Zero estimator,0.9999999938090877,0
8508,400000,100,5,0.95,6.8823064958958226e-06,0.0074956497900820354,4.599999999999999e-05,0.5,Thresholded Central-DP Lasso (ours),0.12056662413230532,5
8508,400000,100,5,0.95,6.8823064958958226e-06,0.0074956497900820354,4.599999999999999e-05,0.5,Cai et al. DP-IHT,0.2882989599901492,5
8508,400000,100,5,0.95,6.8823064958958226e-06,0.0074956497900820354,4.599999999999999e-05,0.5,Non-private,0.03153022210751313,5
8508,400000,100,5,0.95,6.8823064958958226e-06,0.0074956497900820354,4.599999999999999e-05,0.5,Zero estimator,0.9999999544965793,0
8508,400000,100,10,0.95,6.8823064958958226e-06,0.0074956497900820354,4.599999999999999e-05,1.0,Thresholded Central-DP Lasso (ours),0.2316449732462596,10
8508,400000,100,10,0.95,6.8823064958958226e-06,0.0074956497900820354,4.599999999999999e-05,1.0,Cai et al. DP-IHT,0.6805658321801866,10
8508,400000,100,10,0.95,6.8823064958958226e-06,0.0074956497900820354,4.599999999999999e-05,1.0,Non-private,0.05047467056464508,10
8508,400000,100,10,0.95,6.8823064958958226e-06,0.0074956497900820354,4.599999999999999e-05,1.0,Zero estimator,1.0000000256256774,0
8508,400000,100,20,0.95,6.8823064958958226e-06,0.0074956497900820354,4.599999999999999e-05,2.0,Thresholded Central-DP Lasso (ours),0.27248225462004566,20
8508,400000,100,20,0.95,6.8823064958958226e-06,0.0074956497900820354,4.599999999999999e-05,2.0,Cai et al. DP-IHT,0.6536146709140755,20
8508,400000,100,20,0.95,6.8823064958958226e-06,0.0074956497900820354,4.599999999999999e-05,2.0,Non-private,0.06994427668262848,13
8508,400000,100,20,0.95,6.8823064958958226e-06,0.0074956497900820354,4.599999999999999e-05,2.0,Zero estimator,1.0000000131924012,0
8508,400000,100,40,0.95,6.8823064958958226e-06,0.0074956497900820354,4.599999999999999e-05,4.0,Thresholded Central-DP Lasso (ours),0.29181020730861174,40
8508,400000,100,40,0.95,6.8823064958958226e-06,0.0074956497900820354,4.599999999999999e-05,4.0,Cai et al. DP-IHT,0.9623840578016076,40
8508,400000,100,40,0.95,6.8823064958958226e-06,0.0074956497900820354,4.599999999999999e-05,4.0,Non-private,0.07423299521032545,12
8508,400000,100,40,0.95,6.8823064958958226e-06,0.0074956497900820354,4.599999999999999e-05,4.0,Zero estimator,0.9999999938090877,0
