seed,panel,K,method,value,metric,epsilon,delta,sigma_x
9401,c,1,One-shot corrected LDP,0.3219774076292687,l2_error,2.0,5.3843464363939065e-06,8.237830184213996
9401,c,1,Optimization only,0.002930333482127449,l2_error,2.0,5.3843464363939065e-06,8.237830184213996
9401,c,2,One-shot corrected LDP,0.158729270799488,l2_error,2.0,5.3843464363939065e-06,8.237830184213996
9401,c,2,Optimization only,0.0002341357422456231,l2_error,2.0,5.3843464363939065e-06,8.237830184213996
9401,c,4,One-shot corrected LDP,0.1250704616435848,l2_error,2.0,5.3843464363939065e-06,8.237830184213996
9401,c,4,Optimization only,0.00023669773124269328,l2_error,2.0,5.3843464363939065e-06,8.237830184213996
9401,c,8,One-shot corrected LDP,0.1237263986209449,l2_error,2.0,5.3843464363939065e-06,8.237830184213996
9401,c,8,Optimization only,0.00023669775380958104,l2_error,2.0,5.3843464363939065e-06,8.237830184213996
9401,c,16,One-shot corrected LDP,0.12372527776795204,l2_error,2.0,5.3843464363939065e-06,8.237830184213996
9401,c,16,Optimization only,0.00023669775380958104,l2_error,2.0,5.3843464363939065e-06,8.237830184213996
9401,c,32,One-shot corrected LDP,0.1237252777671745,l2_error,2.0,5.3843464363939065e-06,8.237830184213996
9401,c,32,Optimization only,0.00023669775380958104,l2_error,2.0,5.3843464363939065e-06,8.237830184213996
9401,b,1,Central DP,0.5347755625454359,l2_error,0.8,5.3843464363939065e-06,
9401,b,1,Optimization only,0.4180195942807316,l2_error,0.8,5.3843464363939065e-06,
9401,b,1,Calibrated gradient noise SD,0.001358306507113695,noise_sd,0.8,5.3843464363939065e-06,
9401,b,2,Central DP,0.508003976703329,l2_error,0.8,5.3843464363939065e-06,
9401,b,2,Optimization only,0.1805877913647628,l2_error,0.8,5.3843464363939065e-06,
9401,b,2,Calibrated gradient noise SD,0.0019712969246501225,noise_sd,0.8,5.3843464363939065e-06,
9401,b,4,Central DP,0.6134133848585609,l2_error,0.8,5.3843464363939065e-06,
9401,b,4,Optimization only,0.0353243028664292,l2_error,0.8,5.3843464363939065e-06,
9401,b,4,Calibrated gradient noise SD,0.0028572819236943516,noise_sd,0.8,5.3843464363939065e-06,
9401,b,8,Central DP,0.9198779592209524,l2_error,0.8,5.3843464363939065e-06,
9401,b,8,Optimization only,0.006067781421652378,l2_error,0.8,5.3843464363939065e-06,
9401,b,8,Calibrated gradient noise SD,0.004136688736821016,noise_sd,0.8,5.3843464363939065e-06,
9401,b,16,Central DP,1.149446716383152,l2_error,0.8,5.3843464363939065e-06,
9401,b,16,Optimization only,0.005769083819171648,l2_error,0.8,5.3843464363939065e-06,
9401,b,16,Calibrated gradient noise SD,0.005982686257483794,noise_sd,0.8,5.3843464363939065e-06,
9401,b,32,Central DP,1.209839347676831,l2_error,0.8,5.3843464363939065e-06,
9401,b,32,Optimization only,0.005768878707486865,l2_error,0.8,5.3843464363939065e-06,
9401,b,32,Calibrated gradient noise SD,0.008644152046359108,noise_sd,0.8,5.3843464363939065e-06,
9402,c,1,One-shot corrected LDP,0.2555277089665651,l2_error,2.0,5.3843464363939065e-06,8.237830184213996
9402,c,1,Optimization only,0.003732471308201817,l2_error,2.0,5.3843464363939065e-06,8.237830184213996
9402,c,2,One-shot corrected LDP,0.23687355348837535,l2_error,2.0,5.3843464363939065e-06,8.237830184213996
9402,c,2,Optimization only,0.00028516821840225416,l2_error,2.0,5.3843464363939065e-06,8.237830184213996
9402,c,4,One-shot corrected LDP,0.27359721364399353,l2_error,2.0,5.3843464363939065e-06,8.237830184213996
9402,c,4,Optimization only,0.0002879166401760544,l2_error,2.0,5.3843464363939065e-06,8.237830184213996
9402,c,8,One-shot corrected LDP,0.28000848387104665,l2_error,2.0,5.3843464363939065e-06,8.237830184213996
9402,c,8,Optimization only,0.0002879168092764527,l2_error,2.0,5.3843464363939065e-06,8.237830184213996
9402,c,16,One-shot corrected LDP,0.28010912754603456,l2_error,2.0,5.3843464363939065e-06,8.237830184213996
9402,c,16,Optimization only,0.0002879168092764527,l2_error,2.0,5.3843464363939065e-06,8.237830184213996
9402,c,32,One-shot corrected LDP,0.280109150765855,l2_error,2.0,5.3843464363939065e-06,8.237830184213996
9402,c,32,Optimization only,0.0002879168092764527,l2_error,2.0,5.3843464363939065e-06,8.237830184213996
9402,b,1,Central DP,0.5271240286726883,l2_error,0.8,5.3843464363939065e-06,
9402,b,1,Optimization only,0.41852939165199426,l2_error,0.8,5.3843464363939065e-06,
9402,b,1,Calibrated gradient noise SD,0.001358306507113695,noise_sd,0.8,5.3843464363939065e-06,
9402,b,2,Central DP,0.5874500472999186,l2_error,0.8,5.3843464363939065e-06,
9402,b,2,Optimization only,0.1802692689655322,l2_error,0.8,5.3843464363939065e-06,
9402,b,2,Calibrated gradient noise SD,0.0019712969246501225,noise_sd,0.8,5.3843464363939065e-06,
9402,b,4,Central DP,0.627730982620214,l2_error,0.8,5.3843464363939065e-06,
9402,b,4,Optimization only,0.03446700025022518,l2_error,0.8,5.3843464363939065e-06,
9402,b,4,Calibrated gradient noise SD,0.0028572819236943516,noise_sd,0.8,5.3843464363939065e-06,
9402,b,8,Central DP,0.7521476640185845,l2_error,0.8,5.3843464363939065e-06,
9402,b,8,Optimization only,0.0063187882109657844,l2_error,0.8,5.3843464363939065e-06,
9402,b,8,Calibrated gradient noise SD,0.004136688736821016,noise_sd,0.8,5.3843464363939065e-06,
9402,b,16,Central DP,1.0148601259441914,l2_error,0.8,5.3843464363939065e-06,
9402,b,16,Optimization only,0.006223077678504102,l2_error,0.8,5.3843464363939065e-06,
9402,b,16,Calibrated gradient noise SD,0.005982686257483794,noise_sd,0.8,5.3843464363939065e-06,
9402,b,32,Central DP,1.2826070413688508,l2_error,0.8,5.3843464363939065e-06,
9402,b,32,Optimization only,0.006223076109902219,l2_error,0.8,5.3843464363939065e-06,
9402,b,32,Calibrated gradient noise SD,0.008644152046359108,noise_sd,0.8,5.3843464363939065e-06,
9403,c,1,One-shot corrected LDP,0.1945101131725794,l2_error,2.0,5.3843464363939065e-06,8.237830184213996
9403,c,1,Optimization only,0.004255693922209793,l2_error,2.0,5.3843464363939065e-06,8.237830184213996
9403,c,2,One-shot corrected LDP,0.1268433817575987,l2_error,2.0,5.3843464363939065e-06,8.237830184213996
9403,c,2,Optimization only,0.00014898579560682074,l2_error,2.0,5.3843464363939065e-06,8.237830184213996
9403,c,4,One-shot corrected LDP,0.11506254008497183,l2_error,2.0,5.3843464363939065e-06,8.237830184213996
9403,c,4,Optimization only,0.00013230477794318844,l2_error,2.0,5.3843464363939065e-06,8.237830184213996
9403,c,8,One-shot corrected LDP,0.11490181690330495,l2_error,2.0,5.3843464363939065e-06,8.237830184213996
9403,c,8,Optimization only,0.00013230428208797372,l2_error,2.0,5.3843464363939065e-06,8.237830184213996
9403,c,16,One-shot corrected LDP,0.11490178799090582,l2_error,2.0,5.3843464363939065e-06,8.237830184213996
9403,c,16,Optimization only,0.00013230428208797353,l2_error,2.0,5.3843464363939065e-06,8.237830184213996
9403,c,32,One-shot corrected LDP,0.11490178799090489,l2_error,2.0,5.3843464363939065e-06,8.237830184213996
9403,c,32,Optimization only,0.00013230428208797353,l2_error,2.0,5.3843464363939065e-06,8.237830184213996
9403,b,1,Central DP,0.5024772781784274,l2_error,0.8,5.3843464363939065e-06,
9403,b,1,Optimization only,0.4195678521241839,l2_error,0.8,5.3843464363939065e-06,
9403,b,1,Calibrated gradient noise SD,0.001358306507113695,noise_sd,0.8,5.3843464363939065e-06,
9403,b,2,Central DP,0.5122677589494475,l2_error,0.8,5.3843464363939065e-06,
9403,b,2,Optimization only,0.18118247886161246,l2_error,0.8,5.3843464363939065e-06,
9403,b,2,Calibrated gradient noise SD,0.0019712969246501225,noise_sd,0.8,5.3843464363939065e-06,
9403,b,4,Central DP,0.6356659093715151,l2_error,0.8,5.3843464363939065e-06,
9403,b,4,Optimization only,0.03496604020642293,l2_error,0.8,5.3843464363939065e-06,
9403,b,4,Calibrated gradient noise SD,0.0028572819236943516,noise_sd,0.8,5.3843464363939065e-06,
9403,b,8,Central DP,0.9400092093857186,l2_error,0.8,5.3843464363939065e-06,
9403,b,8,Optimization only,0.007266871341176028,l2_error,0.8,5.3843464363939065e-06,
9403,b,8,Calibrated gradient noise SD,0.004136688736821016,noise_sd,0.8,5.3843464363939065e-06,
9403,b,16,Central DP,1.1445409375764852,l2_error,0.8,5.3843464363939065e-06,
9403,b,16,Optimization only,0.0072131890474658,l2_error,0.8,5.3843464363939065e-06,
9403,b,16,Calibrated gradient noise SD,0.005982686257483794,noise_sd,0.8,5.3843464363939065e-06,
9403,b,32,Central DP,1.2119961829605082,l2_error,0.8,5.3843464363939065e-06,
9403,b,32,Optimization only,0.007213224167200803,l2_error,0.8,5.3843464363939065e-06,
9403,b,32,Calibrated gradient noise SD,0.008644152046359108,noise_sd,0.8,5.3843464363939065e-06,
9404,c,1,One-shot corrected LDP,0.09018316050354808,l2_error,2.0,5.3843464363939065e-06,8.237830184213996
9404,c,1,Optimization only,0.0033449516741791167,l2_error,2.0,5.3843464363939065e-06,8.237830184213996
9404,c,2,One-shot corrected LDP,0.14100420536721078,l2_error,2.0,5.3843464363939065e-06,8.237830184213996
9404,c,2,Optimization only,0.0001556559073285984,l2_error,2.0,5.3843464363939065e-06,8.237830184213996
9404,c,4,One-shot corrected LDP,0.14751800206724958,l2_error,2.0,5.3843464363939065e-06,8.237830184213996
9404,c,4,Optimization only,0.00015590843950343548,l2_error,2.0,5.3843464363939065e-06,8.237830184213996
9404,c,8,One-shot corrected LDP,0.147573277767571,l2_error,2.0,5.3843464363939065e-06,8.237830184213996
9404,c,8,Optimization only,0.00015590844030370917,l2_error,2.0,5.3843464363939065e-06,8.237830184213996
9404,c,16,One-shot corrected LDP,0.14757328165886552,l2_error,2.0,5.3843464363939065e-06,8.237830184213996
9404,c,16,Optimization only,0.00015590844030370917,l2_error,2.0,5.3843464363939065e-06,8.237830184213996
9404,c,32,One-shot corrected LDP,0.14757328165886552,l2_error,2.0,5.3843464363939065e-06,8.237830184213996
9404,c,32,Optimization only,0.00015590844030370917,l2_error,2.0,5.3843464363939065e-06,8.237830184213996
9404,b,1,Central DP,0.5579403584610095,l2_error,0.8,5.3843464363939065e-06,
9404,b,1,Optimization only,0.42174922258038766,l2_error,0.8,5.3843464363939065e-06,
9404,b,1,Calibrated gradient noise SD,0.001358306507113695,noise_sd,0.8,5.3843464363939065e-06,
9404,b,2,Central DP,0.4997102420329905,l2_error,0.8,5.3843464363939065e-06,
9404,b,2,Optimization only,0.18309762246382133,l2_error,0.8,5.3843464363939065e-06,
9404,b,2,Calibrated gradient noise SD,0.0019712969246501225,noise_sd,0.8,5.3843464363939065e-06,
9404,b,4,Central DP,0.6874862729792963,l2_error,0.8,5.3843464363939065e-06,
9404,b,4,Optimization only,0.03572375537077808,l2_error,0.8,5.3843464363939065e-06,
9404,b,4,Calibrated gradient noise SD,0.0028572819236943516,noise_sd,0.8,5.3843464363939065e-06,
9404,b,8,Central DP,0.7353360537970709,l2_error,0.8,5.3843464363939065e-06,
9404,b,8,Optimization only,0.006824536385057141,l2_error,0.8,5.3843464363939065e-06,
9404,b,8,Calibrated gradient noise SD,0.004136688736821016,noise_sd,0.8,5.3843464363939065e-06,
9404,b,16,Central DP,1.2264373000685902,l2_error,0.8,5.3843464363939065e-06,
9404,b,16,Optimization only,0.00677687603286355,l2_error,0.8,5.3843464363939065e-06,
9404,b,16,Calibrated gradient noise SD,0.005982686257483794,noise_sd,0.8,5.3843464363939065e-06,
9404,b,32,Central DP,1.093534695561287,l2_error,0.8,5.3843464363939065e-06,
9404,b,32,Optimization only,0.006776892594255165,l2_error,0.8,5.3843464363939065e-06,
9404,b,32,Calibrated gradient noise SD,0.008644152046359108,noise_sd,0.8,5.3843464363939065e-06,
9405,c,1,One-shot corrected LDP,0.3127702284883706,l2_error,2.0,5.3843464363939065e-06,8.237830184213996
9405,c,1,Optimization only,0.002612826232869954,l2_error,2.0,5.3843464363939065e-06,8.237830184213996
9405,c,2,One-shot corrected LDP,0.25401965315958114,l2_error,2.0,5.3843464363939065e-06,8.237830184213996
9405,c,2,Optimization only,0.0002193356183691242,l2_error,2.0,5.3843464363939065e-06,8.237830184213996
9405,c,4,One-shot corrected LDP,0.29413823731975997,l2_error,2.0,5.3843464363939065e-06,8.237830184213996
9405,c,4,Optimization only,0.00021944787474160418,l2_error,2.0,5.3843464363939065e-06,8.237830184213996
9405,c,8,One-shot corrected LDP,0.3085643094536447,l2_error,2.0,5.3843464363939065e-06,8.237830184213996
9405,c,8,Optimization only,0.00021944787530645462,l2_error,2.0,5.3843464363939065e-06,8.237830184213996
9405,c,16,One-shot corrected LDP,0.3089572567885198,l2_error,2.0,5.3843464363939065e-06,8.237830184213996
9405,c,16,Optimization only,0.00021944787530645462,l2_error,2.0,5.3843464363939065e-06,8.237830184213996
9405,c,32,One-shot corrected LDP,0.30895751195330173,l2_error,2.0,5.3843464363939065e-06,8.237830184213996
9405,c,32,Optimization only,0.00021944787530645462,l2_error,2.0,5.3843464363939065e-06,8.237830184213996
9405,b,1,Central DP,0.5412091324679275,l2_error,0.8,5.3843464363939065e-06,
9405,b,1,Optimization only,0.4178864474597879,l2_error,0.8,5.3843464363939065e-06,
9405,b,1,Calibrated gradient noise SD,0.001358306507113695,noise_sd,0.8,5.3843464363939065e-06,
9405,b,2,Central DP,0.5765481346096304,l2_error,0.8,5.3843464363939065e-06,
9405,b,2,Optimization only,0.18026155089572599,l2_error,0.8,5.3843464363939065e-06,
9405,b,2,Calibrated gradient noise SD,0.0019712969246501225,noise_sd,0.8,5.3843464363939065e-06,
9405,b,4,Central DP,0.6335973593929699,l2_error,0.8,5.3843464363939065e-06,
9405,b,4,Optimization only,0.03543512513538577,l2_error,0.8,5.3843464363939065e-06,
9405,b,4,Calibrated gradient noise SD,0.0028572819236943516,noise_sd,0.8,5.3843464363939065e-06,
9405,b,8,Central DP,0.7522840113622531,l2_error,0.8,5.3843464363939065e-06,
9405,b,8,Optimization only,0.006929966524609708,l2_error,0.8,5.3843464363939065e-06,
9405,b,8,Calibrated gradient noise SD,0.004136688736821016,noise_sd,0.8,5.3843464363939065e-06,
9405,b,16,Central DP,1.3163978118439044,l2_error,0.8,5.3843464363939065e-06,
9405,b,16,Optimization only,0.00665858813944981,l2_error,0.8,5.3843464363939065e-06,
9405,b,16,Calibrated gradient noise SD,0.005982686257483794,noise_sd,0.8,5.3843464363939065e-06,
9405,b,32,Central DP,1.2015442072912677,l2_error,0.8,5.3843464363939065e-06,
9405,b,32,Optimization only,0.006658151932258434,l2_error,0.8,5.3843464363939065e-06,
9405,b,32,Calibrated gradient noise SD,0.008644152046359108,noise_sd,0.8,5.3843464363939065e-06,
9406,c,1,One-shot corrected LDP,0.22727912836167055,l2_error,2.0,5.3843464363939065e-06,8.237830184213996
9406,c,1,Optimization only,0.004704495744398429,l2_error,2.0,5.3843464363939065e-06,8.237830184213996
9406,c,2,One-shot corrected LDP,0.24597500558074376,l2_error,2.0,5.3843464363939065e-06,8.237830184213996
9406,c,2,Optimization only,0.00019068428635323484,l2_error,2.0,5.3843464363939065e-06,8.237830184213996
9406,c,4,One-shot corrected LDP,0.27655612072820424,l2_error,2.0,5.3843464363939065e-06,8.237830184213996
9406,c,4,Optimization only,0.00017247616004904432,l2_error,2.0,5.3843464363939065e-06,8.237830184213996
9406,c,8,One-shot corrected LDP,0.27700079234823183,l2_error,2.0,5.3843464363939065e-06,8.237830184213996
9406,c,8,Optimization only,0.00017247572938017491,l2_error,2.0,5.3843464363939065e-06,8.237830184213996
9406,c,16,One-shot corrected LDP,0.27700088089235925,l2_error,2.0,5.3843464363939065e-06,8.237830184213996
9406,c,16,Optimization only,0.0001724757293801748,l2_error,2.0,5.3843464363939065e-06,8.237830184213996
9406,c,32,One-shot corrected LDP,0.2770008808923627,l2_error,2.0,5.3843464363939065e-06,8.237830184213996
9406,c,32,Optimization only,0.0001724757293801748,l2_error,2.0,5.3843464363939065e-06,8.237830184213996
9406,b,1,Central DP,0.5620191222739378,l2_error,0.8,5.3843464363939065e-06,
9406,b,1,Optimization only,0.41938224725561546,l2_error,0.8,5.3843464363939065e-06,
9406,b,1,Calibrated gradient noise SD,0.001358306507113695,noise_sd,0.8,5.3843464363939065e-06,
9406,b,2,Central DP,0.45515884671524304,l2_error,0.8,5.3843464363939065e-06,
9406,b,2,Optimization only,0.18144639258488984,l2_error,0.8,5.3843464363939065e-06,
9406,b,2,Calibrated gradient noise SD,0.0019712969246501225,noise_sd,0.8,5.3843464363939065e-06,
9406,b,4,Central DP,0.6745221418322227,l2_error,0.8,5.3843464363939065e-06,
9406,b,4,Optimization only,0.0359173224623838,l2_error,0.8,5.3843464363939065e-06,
9406,b,4,Calibrated gradient noise SD,0.0028572819236943516,noise_sd,0.8,5.3843464363939065e-06,
9406,b,8,Central DP,0.8198791202476379,l2_error,0.8,5.3843464363939065e-06,
9406,b,8,Optimization only,0.006043390309286848,l2_error,0.8,5.3843464363939065e-06,
9406,b,8,Calibrated gradient noise SD,0.004136688736821016,noise_sd,0.8,5.3843464363939065e-06,
9406,b,16,Central DP,1.0684528952634997,l2_error,0.8,5.3843464363939065e-06,
9406,b,16,Optimization only,0.0056458713645120935,l2_error,0.8,5.3843464363939065e-06,
9406,b,16,Calibrated gradient noise SD,0.005982686257483794,noise_sd,0.8,5.3843464363939065e-06,
9406,b,32,Central DP,1.4012310608339689,l2_error,0.8,5.3843464363939065e-06,
9406,b,32,Optimization only,0.005645486144699383,l2_error,0.8,5.3843464363939065e-06,
9406,b,32,Calibrated gradient noise SD,0.008644152046359108,noise_sd,0.8,5.3843464363939065e-06,
