seed,n,p,s_star,epsilon,K,m,method,c_clip,c_lam,c_trunc,keep,radius,lam,clipped_scores,peak_norm,l2_error,support
5301,800000,100,4,1.0,14,57142,Full-Record LDP Lasso (ours),0.03,0.03,,,4.113651759146752,0.0563369149106939,407951,0.9484721808210198,0.2452062936335905,23
5301,800000,100,4,1.0,14,57142,Zhu et al. LDP-IHT,,2.0,0.1,8.0,5.20373865377643,,0,,0.7829046114961754,8
5301,800000,100,4,1.0,14,57142,Zhu et al. LDP-IHT,,4.0,0.1,16.0,6.796183503325033,,0,,1.3111076985440433,16
5301,800000,100,4,1.0,14,57142,Zhu et al. LDP-IHT,,8.0,0.1,32.0,9.048240606887852,,0,,1.1413827973782817,32
5301,800000,100,4,1.0,14,57142,Non-private proximal,,,,,,,0,,0.021339506107249284,4
5301,800000,100,4,1.0,14,57142,Zero estimator,,,,,,,0,,1.0,0
5301,800000,100,8,1.0,14,57142,Full-Record LDP Lasso (ours),0.03,0.03,,,4.113651759146752,0.0563369149106939,457126,0.734390140440704,0.3421252448937765,24
5301,800000,100,8,1.0,14,57142,Zhu et al. LDP-IHT,,2.0,0.1,16.0,6.796183503325033,,0,,1.1686969848336006,16
5301,800000,100,8,1.0,14,57142,Zhu et al. LDP-IHT,,4.0,0.1,32.0,9.048240606887852,,0,,1.2966897092716159,32
5301,800000,100,8,1.0,14,57142,Zhu et al. LDP-IHT,,8.0,0.1,64.0,12.23313030598506,,0,,1.3721794083535783,64
5301,800000,100,8,1.0,14,57142,Non-private proximal,,,,,,,0,,0.036920867105527645,8
5301,800000,100,8,1.0,14,57142,Zero estimator,,,,,,,0,,1.0,0
5301,1600000,100,4,1.0,15,106666,Full-Record LDP Lasso (ours),0.03,0.03,,,4.211181097668679,0.04232842955185862,770543,0.9028356252860814,0.2192390131656615,29
5301,1600000,100,4,1.0,15,106666,Zhu et al. LDP-IHT,,2.0,0.1,8.0,5.469105000526133,,0,,0.4102064443047873,8
5301,1600000,100,4,1.0,15,106666,Zhu et al. LDP-IHT,,4.0,0.1,16.0,7.142757093605005,,0,,0.644571996728623,16
5301,1600000,100,4,1.0,15,106666,Zhu et al. LDP-IHT,,8.0,0.1,32.0,9.509658582331264,,0,,1.2822267019241207,32
5301,1600000,100,4,1.0,15,106666,Non-private proximal,,,,,,,0,,0.01930652974701723,4
5301,1600000,100,4,1.0,15,106666,Zero estimator,,,,,,,0,,1.0,0
5301,1600000,100,8,1.0,15,106666,Full-Record LDP Lasso (ours),0.03,0.03,,,4.211181097668679,0.04232842955185862,803640,0.858920760158894,0.24918131884762681,32
5301,1600000,100,8,1.0,15,106666,Zhu et al. LDP-IHT,,2.0,0.1,16.0,7.142757093605005,,0,,0.9192254687082047,16
5301,1600000,100,8,1.0,15,106666,Zhu et al. LDP-IHT,,4.0,0.1,32.0,9.509658582331264,,0,,1.2883666740308424,32
5301,1600000,100,8,1.0,15,106666,Zhu et al. LDP-IHT,,8.0,0.1,64.0,12.85696276848901,,0,,1.330634124415627,64
5301,1600000,100,8,1.0,15,106666,Non-private proximal,,,,,,,0,,0.028006208622042464,8
5301,1600000,100,8,1.0,15,106666,Zero estimator,,,,,,,0,,1.0,0
5301,3200000,100,4,1.0,15,213333,Full-Record LDP Lasso (ours),0.03,0.03,,,4.3074783263913385,0.030598186837474516,1467162,1.007164947419415,0.12456007442761896,26
5301,3200000,100,4,1.0,15,213333,Zhu et al. LDP-IHT,,2.0,0.1,8.0,5.7344713472758375,,0,,0.5130672631906439,8
5301,3200000,100,4,1.0,15,213333,Zhu et al. LDP-IHT,,4.0,0.1,16.0,7.489330683884979,,0,,0.5771948269772241,16
5301,3200000,100,4,1.0,15,213333,Zhu et al. LDP-IHT,,8.0,0.1,32.0,9.97107655777468,,0,,0.822180570261727,32
5301,3200000,100,4,1.0,15,213333,Non-private proximal,,,,,,,0,,0.013721933964772207,4
5301,3200000,100,4,1.0,15,213333,Zero estimator,,,,,,,0,,1.0,0
5301,3200000,100,8,1.0,15,213333,Full-Record LDP Lasso (ours),0.03,0.03,,,4.3074783263913385,0.030598186837474516,1531090,0.8998093312706141,0.2181705727666316,29
5301,3200000,100,8,1.0,15,213333,Zhu et al. LDP-IHT,,2.0,0.1,16.0,7.489330683884979,,0,,0.614298538147341,16
5301,3200000,100,8,1.0,15,213333,Zhu et al. LDP-IHT,,4.0,0.1,32.0,9.97107655777468,,0,,1.005972773845712,32
5301,3200000,100,8,1.0,15,213333,Zhu et al. LDP-IHT,,8.0,0.1,64.0,13.480795230992964,,0,,1.2184881270359562,64
5301,3200000,100,8,1.0,15,213333,Non-private proximal,,,,,,,0,,0.020228656351158537,8
5301,3200000,100,8,1.0,15,213333,Zero estimator,,,,,,,0,,1.0,0
5301,6400000,100,4,1.0,16,400000,Full-Record LDP Lasso (ours),0.03,0.03,,,4.402624294717711,0.02289922352959427,2773772,0.9606237433051812,0.08972779609067204,19
5301,6400000,100,4,1.0,16,400000,Zhu et al. LDP-IHT,,2.0,0.1,8.0,5.999837694025542,,0,,0.4240429837511804,8
5301,6400000,100,4,1.0,16,400000,Zhu et al. LDP-IHT,,4.0,0.1,16.0,7.835904274164952,,0,,0.5412640291893934,16
5301,6400000,100,4,1.0,16,400000,Zhu et al. LDP-IHT,,8.0,0.1,32.0,10.432494533218094,,0,,0.7155177019544743,32
5301,6400000,100,4,1.0,16,400000,Non-private proximal,,,,,,,0,,0.010366284148559498,4
5301,6400000,100,4,1.0,16,400000,Zero estimator,,,,,,,0,,1.0,0
5301,6400000,100,8,1.0,16,400000,Full-Record LDP Lasso (ours),0.03,0.03,,,4.402624294717711,0.02289922352959427,2822298,0.9479086251023382,0.13354534827412234,32
5301,6400000,100,8,1.0,16,400000,Zhu et al. LDP-IHT,,2.0,0.1,16.0,7.835904274164952,,0,,0.5408638916607891,16
5301,6400000,100,8,1.0,16,400000,Zhu et al. LDP-IHT,,4.0,0.1,32.0,10.432494533218094,,0,,0.9506317557939419,32
5301,6400000,100,8,1.0,16,400000,Zhu et al. LDP-IHT,,8.0,0.1,64.0,14.104627693496914,,0,,1.0611991453989378,64
5301,6400000,100,8,1.0,16,400000,Non-private proximal,,,,,,,0,,0.013404857527208512,8
5301,6400000,100,8,1.0,16,400000,Zero estimator,,,,,,,0,,1.0,0
5302,800000,100,4,1.0,14,57142,Full-Record LDP Lasso (ours),0.03,0.03,,,4.113651759146752,0.0563369149106939,415198,0.8866354114656577,0.25524061864412334,23
5302,800000,100,4,1.0,14,57142,Zhu et al. LDP-IHT,,2.0,0.1,8.0,5.20373865377643,,0,,0.8826544806534101,8
5302,800000,100,4,1.0,14,57142,Zhu et al. LDP-IHT,,4.0,0.1,16.0,6.796183503325033,,0,,0.8296663929784267,16
5302,800000,100,4,1.0,14,57142,Zhu et al. LDP-IHT,,8.0,0.1,32.0,9.048240606887852,,0,,1.2846737062757934,32
5302,800000,100,4,1.0,14,57142,Non-private proximal,,,,,,,0,,0.022291903974233685,4
5302,800000,100,4,1.0,14,57142,Zero estimator,,,,,,,0,,1.0,0
5302,800000,100,8,1.0,14,57142,Full-Record LDP Lasso (ours),0.03,0.03,,,4.113651759146752,0.0563369149106939,447369,0.8208714101613969,0.3250295331522851,29
5302,800000,100,8,1.0,14,57142,Zhu et al. LDP-IHT,,2.0,0.1,16.0,6.796183503325033,,0,,1.2494890632202809,16
5302,800000,100,8,1.0,14,57142,Zhu et al. LDP-IHT,,4.0,0.1,32.0,9.048240606887852,,0,,1.3512248217468856,32
5302,800000,100,8,1.0,14,57142,Zhu et al. LDP-IHT,,8.0,0.1,64.0,12.23313030598506,,0,,1.4258022084912505,64
5302,800000,100,8,1.0,14,57142,Non-private proximal,,,,,,,0,,0.03151728772169621,8
5302,800000,100,8,1.0,14,57142,Zero estimator,,,,,,,0,,1.0,0
5302,1600000,100,4,1.0,15,106666,Full-Record LDP Lasso (ours),0.03,0.03,,,4.211181097668679,0.04232842955185862,789411,0.9527328886166908,0.20291748092988668,28
5302,1600000,100,4,1.0,15,106666,Zhu et al. LDP-IHT,,2.0,0.1,8.0,5.469105000526133,,0,,0.4787095690532319,8
5302,1600000,100,4,1.0,15,106666,Zhu et al. LDP-IHT,,4.0,0.1,16.0,7.142757093605005,,0,,0.9857700534721904,16
5302,1600000,100,4,1.0,15,106666,Zhu et al. LDP-IHT,,8.0,0.1,32.0,9.509658582331264,,0,,1.1619712899129557,32
5302,1600000,100,4,1.0,15,106666,Non-private proximal,,,,,,,0,,0.018597899378900024,4
5302,1600000,100,4,1.0,15,106666,Zero estimator,,,,,,,0,,1.0,0
5302,1600000,100,8,1.0,15,106666,Full-Record LDP Lasso (ours),0.03,0.03,,,4.211181097668679,0.04232842955185862,827104,0.8902262447043063,0.21448109250370143,24
5302,1600000,100,8,1.0,15,106666,Zhu et al. LDP-IHT,,2.0,0.1,16.0,7.142757093605005,,0,,0.9988830838956506,16
5302,1600000,100,8,1.0,15,106666,Zhu et al. LDP-IHT,,4.0,0.1,32.0,9.509658582331264,,0,,1.2695131453467274,32
5302,1600000,100,8,1.0,15,106666,Zhu et al. LDP-IHT,,8.0,0.1,64.0,12.85696276848901,,0,,1.2667226466805932,64
5302,1600000,100,8,1.0,15,106666,Non-private proximal,,,,,,,0,,0.03069517434015296,8
5302,1600000,100,8,1.0,15,106666,Zero estimator,,,,,,,0,,1.0,0
5302,3200000,100,4,1.0,15,213333,Full-Record LDP Lasso (ours),0.03,0.03,,,4.3074783263913385,0.030598186837474516,1483623,0.934702490533482,0.15080242292233167,25
5302,3200000,100,4,1.0,15,213333,Zhu et al. LDP-IHT,,2.0,0.1,8.0,5.7344713472758375,,0,,0.5649581847135442,8
5302,3200000,100,4,1.0,15,213333,Zhu et al. LDP-IHT,,4.0,0.1,16.0,7.489330683884979,,0,,0.9190101054943213,16
5302,3200000,100,4,1.0,15,213333,Zhu et al. LDP-IHT,,8.0,0.1,32.0,9.97107655777468,,0,,0.9026977734256713,32
5302,3200000,100,4,1.0,15,213333,Non-private proximal,,,,,,,0,,0.011756912783829327,4
5302,3200000,100,4,1.0,15,213333,Zero estimator,,,,,,,0,,1.0,0
5302,3200000,100,8,1.0,15,213333,Full-Record LDP Lasso (ours),0.03,0.03,,,4.3074783263913385,0.030598186837474516,1502065,0.9144384054636946,0.14265447688701186,25
5302,3200000,100,8,1.0,15,213333,Zhu et al. LDP-IHT,,2.0,0.1,16.0,7.489330683884979,,0,,0.8713932470570611,16
5302,3200000,100,8,1.0,15,213333,Zhu et al. LDP-IHT,,4.0,0.1,32.0,9.97107655777468,,0,,1.10698714035657,32
5302,3200000,100,8,1.0,15,213333,Zhu et al. LDP-IHT,,8.0,0.1,64.0,13.480795230992964,,0,,1.1474137033294605,64
5302,3200000,100,8,1.0,15,213333,Non-private proximal,,,,,,,0,,0.01959975797322065,8
5302,3200000,100,8,1.0,15,213333,Zero estimator,,,,,,,0,,1.0,0
5302,6400000,100,4,1.0,16,400000,Full-Record LDP Lasso (ours),0.03,0.03,,,4.402624294717711,0.02289922352959427,2792815,0.9582109507823477,0.09924746265877009,25
5302,6400000,100,4,1.0,16,400000,Zhu et al. LDP-IHT,,2.0,0.1,8.0,5.999837694025542,,0,,0.4561522835225271,8
5302,6400000,100,4,1.0,16,400000,Zhu et al. LDP-IHT,,4.0,0.1,16.0,7.835904274164952,,0,,0.45971248975407353,16
5302,6400000,100,4,1.0,16,400000,Zhu et al. LDP-IHT,,8.0,0.1,32.0,10.432494533218094,,0,,0.6253291192794599,32
5302,6400000,100,4,1.0,16,400000,Non-private proximal,,,,,,,0,,0.011403642588857276,4
5302,6400000,100,4,1.0,16,400000,Zero estimator,,,,,,,0,,1.0,0
5302,6400000,100,8,1.0,16,400000,Full-Record LDP Lasso (ours),0.03,0.03,,,4.402624294717711,0.02289922352959427,2835306,0.9349680036016403,0.14827808926035985,35
5302,6400000,100,8,1.0,16,400000,Zhu et al. LDP-IHT,,2.0,0.1,16.0,7.835904274164952,,0,,0.6341386109591931,16
5302,6400000,100,8,1.0,16,400000,Zhu et al. LDP-IHT,,4.0,0.1,32.0,10.432494533218094,,0,,0.770788079537618,32
5302,6400000,100,8,1.0,16,400000,Zhu et al. LDP-IHT,,8.0,0.1,64.0,14.104627693496914,,0,,1.011170916095562,64
5302,6400000,100,8,1.0,16,400000,Non-private proximal,,,,,,,0,,0.013600282877290126,8
5302,6400000,100,8,1.0,16,400000,Zero estimator,,,,,,,0,,1.0,0
5303,800000,100,4,1.0,14,57142,Full-Record LDP Lasso (ours),0.03,0.03,,,4.113651759146752,0.0563369149106939,411788,0.9406221032457817,0.2619217626333723,30
5303,800000,100,4,1.0,14,57142,Zhu et al. LDP-IHT,,2.0,0.1,8.0,5.20373865377643,,0,,0.9841297023000223,8
5303,800000,100,4,1.0,14,57142,Zhu et al. LDP-IHT,,4.0,0.1,16.0,6.796183503325033,,0,,0.9601840478985051,16
5303,800000,100,4,1.0,14,57142,Zhu et al. LDP-IHT,,8.0,0.1,32.0,9.048240606887852,,0,,1.3487769311539703,32
5303,800000,100,4,1.0,14,57142,Non-private proximal,,,,,,,0,,0.021084934788729352,3
5303,800000,100,4,1.0,14,57142,Zero estimator,,,,,,,0,,0.9999999999999999,0
5303,800000,100,8,1.0,14,57142,Full-Record LDP Lasso (ours),0.03,0.03,,,4.113651759146752,0.0563369149106939,436515,0.82745390940878,0.3347815597998984,17
5303,800000,100,8,1.0,14,57142,Zhu et al. LDP-IHT,,2.0,0.1,16.0,6.796183503325033,,0,,1.0065220673146065,16
5303,800000,100,8,1.0,14,57142,Zhu et al. LDP-IHT,,4.0,0.1,32.0,9.048240606887852,,0,,1.165735231050799,32
5303,800000,100,8,1.0,14,57142,Zhu et al. LDP-IHT,,8.0,0.1,64.0,12.23313030598506,,0,,1.2443715706172096,64
5303,800000,100,8,1.0,14,57142,Non-private proximal,,,,,,,0,,0.03257586208488707,7
5303,800000,100,8,1.0,14,57142,Zero estimator,,,,,,,0,,1.0,0
5303,1600000,100,4,1.0,15,106666,Full-Record LDP Lasso (ours),0.03,0.03,,,4.211181097668679,0.04232842955185862,767574,0.9516626611535828,0.227983853848244,20
5303,1600000,100,4,1.0,15,106666,Zhu et al. LDP-IHT,,2.0,0.1,8.0,5.469105000526133,,0,,0.5956887938728227,8
5303,1600000,100,4,1.0,15,106666,Zhu et al. LDP-IHT,,4.0,0.1,16.0,7.142757093605005,,0,,0.7285015231318891,16
5303,1600000,100,4,1.0,15,106666,Zhu et al. LDP-IHT,,8.0,0.1,32.0,9.509658582331264,,0,,1.1868021904920347,32
5303,1600000,100,4,1.0,15,106666,Non-private proximal,,,,,,,0,,0.016145513361240215,3
5303,1600000,100,4,1.0,15,106666,Zero estimator,,,,,,,0,,0.9999999999999999,0
5303,1600000,100,8,1.0,15,106666,Full-Record LDP Lasso (ours),0.03,0.03,,,4.211181097668679,0.04232842955185862,793129,0.927429735887391,0.2934619733485789,28
5303,1600000,100,8,1.0,15,106666,Zhu et al. LDP-IHT,,2.0,0.1,16.0,7.142757093605005,,0,,0.8041384805575695,16
5303,1600000,100,8,1.0,15,106666,Zhu et al. LDP-IHT,,4.0,0.1,32.0,9.509658582331264,,0,,1.0688559962166146,32
5303,1600000,100,8,1.0,15,106666,Zhu et al. LDP-IHT,,8.0,0.1,64.0,12.85696276848901,,0,,1.2964922731812112,64
5303,1600000,100,8,1.0,15,106666,Non-private proximal,,,,,,,0,,0.024454198364950688,7
5303,1600000,100,8,1.0,15,106666,Zero estimator,,,,,,,0,,1.0,0
5303,3200000,100,4,1.0,15,213333,Full-Record LDP Lasso (ours),0.03,0.03,,,4.3074783263913385,0.030598186837474516,1438404,0.9802596985676069,0.1190535052842448,26
5303,3200000,100,4,1.0,15,213333,Zhu et al. LDP-IHT,,2.0,0.1,8.0,5.7344713472758375,,0,,0.5919960098766075,8
5303,3200000,100,4,1.0,15,213333,Zhu et al. LDP-IHT,,4.0,0.1,16.0,7.489330683884979,,0,,0.7274304762361818,16
5303,3200000,100,4,1.0,15,213333,Zhu et al. LDP-IHT,,8.0,0.1,32.0,9.97107655777468,,0,,0.903448812764546,32
5303,3200000,100,4,1.0,15,213333,Non-private proximal,,,,,,,0,,0.012772558691191137,3
5303,3200000,100,4,1.0,15,213333,Zero estimator,,,,,,,0,,0.9999999999999999,0
5303,3200000,100,8,1.0,15,213333,Full-Record LDP Lasso (ours),0.03,0.03,,,4.3074783263913385,0.030598186837474516,1518126,0.9418185593359318,0.17322000115127126,30
5303,3200000,100,8,1.0,15,213333,Zhu et al. LDP-IHT,,2.0,0.1,16.0,7.489330683884979,,0,,0.7886672740730094,16
5303,3200000,100,8,1.0,15,213333,Zhu et al. LDP-IHT,,4.0,0.1,32.0,9.97107655777468,,0,,0.8489083224546391,32
5303,3200000,100,8,1.0,15,213333,Zhu et al. LDP-IHT,,8.0,0.1,64.0,13.480795230992964,,0,,1.281638609065193,64
5303,3200000,100,8,1.0,15,213333,Non-private proximal,,,,,,,0,,0.01701389653750762,7
5303,3200000,100,8,1.0,15,213333,Zero estimator,,,,,,,0,,1.0,0
5303,6400000,100,4,1.0,16,400000,Full-Record LDP Lasso (ours),0.03,0.03,,,4.402624294717711,0.02289922352959427,2772068,0.9746728753991266,0.10059834815818813,27
5303,6400000,100,4,1.0,16,400000,Zhu et al. LDP-IHT,,2.0,0.1,8.0,5.999837694025542,,0,,0.4290816685004741,8
5303,6400000,100,4,1.0,16,400000,Zhu et al. LDP-IHT,,4.0,0.1,16.0,7.835904274164952,,0,,0.6061308727155345,16
5303,6400000,100,4,1.0,16,400000,Zhu et al. LDP-IHT,,8.0,0.1,32.0,10.432494533218094,,0,,0.7542952000205879,32
5303,6400000,100,4,1.0,16,400000,Non-private proximal,,,,,,,0,,0.008714190314305963,4
5303,6400000,100,4,1.0,16,400000,Zero estimator,,,,,,,0,,0.9999999999999999,0
5303,6400000,100,8,1.0,16,400000,Full-Record LDP Lasso (ours),0.03,0.03,,,4.402624294717711,0.02289922352959427,2822852,0.9641944106784832,0.11965862620675004,32
5303,6400000,100,8,1.0,16,400000,Zhu et al. LDP-IHT,,2.0,0.1,16.0,7.835904274164952,,0,,0.49430795965656765,16
5303,6400000,100,8,1.0,16,400000,Zhu et al. LDP-IHT,,4.0,0.1,32.0,10.432494533218094,,0,,0.8762991201766615,32
5303,6400000,100,8,1.0,16,400000,Zhu et al. LDP-IHT,,8.0,0.1,64.0,14.104627693496914,,0,,1.0053643476565628,64
5303,6400000,100,8,1.0,16,400000,Non-private proximal,,,,,,,0,,0.012713565927496239,7
5303,6400000,100,8,1.0,16,400000,Zero estimator,,,,,,,0,,1.0,0
5304,800000,100,4,1.0,14,57142,Full-Record LDP Lasso (ours),0.03,0.03,,,4.113651759146752,0.0563369149106939,412707,0.8746897453977965,0.2764977362674595,28
5304,800000,100,4,1.0,14,57142,Zhu et al. LDP-IHT,,2.0,0.1,8.0,5.20373865377643,,0,,0.6362087760372392,8
5304,800000,100,4,1.0,14,57142,Zhu et al. LDP-IHT,,4.0,0.1,16.0,6.796183503325033,,0,,1.1709274641868763,16
5304,800000,100,4,1.0,14,57142,Zhu et al. LDP-IHT,,8.0,0.1,32.0,9.048240606887852,,0,,1.2312228590329004,32
5304,800000,100,4,1.0,14,57142,Non-private proximal,,,,,,,0,,0.027390097326814675,4
5304,800000,100,4,1.0,14,57142,Zero estimator,,,,,,,0,,1.0,0
5304,800000,100,8,1.0,14,57142,Full-Record LDP Lasso (ours),0.03,0.03,,,4.113651759146752,0.0563369149106939,444638,0.9102947011962175,0.3143705832995665,23
5304,800000,100,8,1.0,14,57142,Zhu et al. LDP-IHT,,2.0,0.1,16.0,6.796183503325033,,0,,1.0050032014050705,16
5304,800000,100,8,1.0,14,57142,Zhu et al. LDP-IHT,,4.0,0.1,32.0,9.048240606887852,,0,,1.2923129554123836,32
5304,800000,100,8,1.0,14,57142,Zhu et al. LDP-IHT,,8.0,0.1,64.0,12.23313030598506,,0,,1.242224514112154,64
5304,800000,100,8,1.0,14,57142,Non-private proximal,,,,,,,0,,0.03888042846358192,8
5304,800000,100,8,1.0,14,57142,Zero estimator,,,,,,,0,,1.0,0
5304,1600000,100,4,1.0,15,106666,Full-Record LDP Lasso (ours),0.03,0.03,,,4.211181097668679,0.04232842955185862,768462,0.9611173872985019,0.21656528721754126,21
5304,1600000,100,4,1.0,15,106666,Zhu et al. LDP-IHT,,2.0,0.1,8.0,5.469105000526133,,0,,0.6548594589010963,8
5304,1600000,100,4,1.0,15,106666,Zhu et al. LDP-IHT,,4.0,0.1,16.0,7.142757093605005,,0,,0.7727735775579355,16
5304,1600000,100,4,1.0,15,106666,Zhu et al. LDP-IHT,,8.0,0.1,32.0,9.509658582331264,,0,,1.1316457106999975,32
5304,1600000,100,4,1.0,15,106666,Non-private proximal,,,,,,,0,,0.016827580850392286,4
5304,1600000,100,4,1.0,15,106666,Zero estimator,,,,,,,0,,1.0,0
5304,1600000,100,8,1.0,15,106666,Full-Record LDP Lasso (ours),0.03,0.03,,,4.211181097668679,0.04232842955185862,805567,0.9062143556305486,0.23517212526032855,22
5304,1600000,100,8,1.0,15,106666,Zhu et al. LDP-IHT,,2.0,0.1,16.0,7.142757093605005,,0,,1.0608001786907106,16
5304,1600000,100,8,1.0,15,106666,Zhu et al. LDP-IHT,,4.0,0.1,32.0,9.509658582331264,,0,,1.1498826202404913,32
5304,1600000,100,8,1.0,15,106666,Zhu et al. LDP-IHT,,8.0,0.1,64.0,12.85696276848901,,0,,1.518615084252768,64
5304,1600000,100,8,1.0,15,106666,Non-private proximal,,,,,,,0,,0.026538946946398516,8
5304,1600000,100,8,1.0,15,106666,Zero estimator,,,,,,,0,,1.0,0
5304,3200000,100,4,1.0,15,213333,Full-Record LDP Lasso (ours),0.03,0.03,,,4.3074783263913385,0.030598186837474516,1446169,0.96507328426401,0.13169896974644144,28
5304,3200000,100,4,1.0,15,213333,Zhu et al. LDP-IHT,,2.0,0.1,8.0,5.7344713472758375,,0,,0.5781864381642018,8
5304,3200000,100,4,1.0,15,213333,Zhu et al. LDP-IHT,,4.0,0.1,16.0,7.489330683884979,,0,,0.7442770913640108,16
5304,3200000,100,4,1.0,15,213333,Zhu et al. LDP-IHT,,8.0,0.1,32.0,9.97107655777468,,0,,0.9154707255213405,32
5304,3200000,100,4,1.0,15,213333,Non-private proximal,,,,,,,0,,0.014124678701067114,4
5304,3200000,100,4,1.0,15,213333,Zero estimator,,,,,,,0,,1.0,0
5304,3200000,100,8,1.0,15,213333,Full-Record LDP Lasso (ours),0.03,0.03,,,4.3074783263913385,0.030598186837474516,1496453,0.9188450996196363,0.16604116785219586,26
5304,3200000,100,8,1.0,15,213333,Zhu et al. LDP-IHT,,2.0,0.1,16.0,7.489330683884979,,0,,0.7727874645492969,16
5304,3200000,100,8,1.0,15,213333,Zhu et al. LDP-IHT,,4.0,0.1,32.0,9.97107655777468,,0,,1.107618327711737,32
5304,3200000,100,8,1.0,15,213333,Zhu et al. LDP-IHT,,8.0,0.1,64.0,13.480795230992964,,0,,1.3190815759428833,64
5304,3200000,100,8,1.0,15,213333,Non-private proximal,,,,,,,0,,0.01738158892397277,8
5304,3200000,100,8,1.0,15,213333,Zero estimator,,,,,,,0,,1.0,0
5304,6400000,100,4,1.0,16,400000,Full-Record LDP Lasso (ours),0.03,0.03,,,4.402624294717711,0.02289922352959427,2781988,0.9749785621566477,0.12171949379950965,27
5304,6400000,100,4,1.0,16,400000,Zhu et al. LDP-IHT,,2.0,0.1,8.0,5.999837694025542,,0,,0.4463905147804426,8
5304,6400000,100,4,1.0,16,400000,Zhu et al. LDP-IHT,,4.0,0.1,16.0,7.835904274164952,,0,,0.48190176460704837,16
5304,6400000,100,4,1.0,16,400000,Zhu et al. LDP-IHT,,8.0,0.1,32.0,10.432494533218094,,0,,0.7765993388946508,32
5304,6400000,100,4,1.0,16,400000,Non-private proximal,,,,,,,0,,0.009325987033699676,4
5304,6400000,100,4,1.0,16,400000,Zero estimator,,,,,,,0,,1.0,0
5304,6400000,100,8,1.0,16,400000,Full-Record LDP Lasso (ours),0.03,0.03,,,4.402624294717711,0.02289922352959427,2817433,0.9388889142248562,0.11823300073049144,28
5304,6400000,100,8,1.0,16,400000,Zhu et al. LDP-IHT,,2.0,0.1,16.0,7.835904274164952,,0,,0.6754423934390689,16
5304,6400000,100,8,1.0,16,400000,Zhu et al. LDP-IHT,,4.0,0.1,32.0,10.432494533218094,,0,,0.7377850540669824,32
5304,6400000,100,8,1.0,16,400000,Zhu et al. LDP-IHT,,8.0,0.1,64.0,14.104627693496914,,0,,1.072128194644505,64
5304,6400000,100,8,1.0,16,400000,Non-private proximal,,,,,,,0,,0.012225414767421764,8
5304,6400000,100,8,1.0,16,400000,Zero estimator,,,,,,,0,,1.0,0
5305,800000,100,4,1.0,14,57142,Full-Record LDP Lasso (ours),0.03,0.03,,,4.113651759146752,0.0563369149106939,416683,0.9192205462135825,0.2873019390360945,27
5305,800000,100,4,1.0,14,57142,Zhu et al. LDP-IHT,,2.0,0.1,8.0,5.20373865377643,,0,,0.9183269453477104,8
5305,800000,100,4,1.0,14,57142,Zhu et al. LDP-IHT,,4.0,0.1,16.0,6.796183503325033,,0,,1.2172403830016445,16
5305,800000,100,4,1.0,14,57142,Zhu et al. LDP-IHT,,8.0,0.1,32.0,9.048240606887852,,0,,1.3347905466697902,32
5305,800000,100,4,1.0,14,57142,Non-private proximal,,,,,,,0,,0.017807246294328342,4
5305,800000,100,4,1.0,14,57142,Zero estimator,,,,,,,0,,1.0,0
5305,800000,100,8,1.0,14,57142,Full-Record LDP Lasso (ours),0.03,0.03,,,4.113651759146752,0.0563369149106939,444907,0.8061128806856992,0.4036158486797219,27
5305,800000,100,8,1.0,14,57142,Zhu et al. LDP-IHT,,2.0,0.1,16.0,6.796183503325033,,0,,1.2067150336019978,16
5305,800000,100,8,1.0,14,57142,Zhu et al. LDP-IHT,,4.0,0.1,32.0,9.048240606887852,,0,,1.0877312795698897,32
5305,800000,100,8,1.0,14,57142,Zhu et al. LDP-IHT,,8.0,0.1,64.0,12.23313030598506,,0,,1.50359601701014,64
5305,800000,100,8,1.0,14,57142,Non-private proximal,,,,,,,0,,0.03433150981892877,8
5305,800000,100,8,1.0,14,57142,Zero estimator,,,,,,,0,,0.9999999999999999,0
5305,1600000,100,4,1.0,15,106666,Full-Record LDP Lasso (ours),0.03,0.03,,,4.211181097668679,0.04232842955185862,783083,0.9411307117520334,0.20775504558074875,30
5305,1600000,100,4,1.0,15,106666,Zhu et al. LDP-IHT,,2.0,0.1,8.0,5.469105000526133,,0,,0.7991605124467682,8
5305,1600000,100,4,1.0,15,106666,Zhu et al. LDP-IHT,,4.0,0.1,16.0,7.142757093605005,,0,,0.9257434752522438,16
5305,1600000,100,4,1.0,15,106666,Zhu et al. LDP-IHT,,8.0,0.1,32.0,9.509658582331264,,0,,1.07373721707466,32
5305,1600000,100,4,1.0,15,106666,Non-private proximal,,,,,,,0,,0.01822032953558408,4
5305,1600000,100,4,1.0,15,106666,Zero estimator,,,,,,,0,,1.0,0
5305,1600000,100,8,1.0,15,106666,Full-Record LDP Lasso (ours),0.03,0.03,,,4.211181097668679,0.04232842955185862,812708,0.8848522654667582,0.24323096495532218,32
5305,1600000,100,8,1.0,15,106666,Zhu et al. LDP-IHT,,2.0,0.1,16.0,7.142757093605005,,0,,0.9177931121630378,16
5305,1600000,100,8,1.0,15,106666,Zhu et al. LDP-IHT,,4.0,0.1,32.0,9.509658582331264,,0,,1.1246646958761783,32
5305,1600000,100,8,1.0,15,106666,Zhu et al. LDP-IHT,,8.0,0.1,64.0,12.85696276848901,,0,,1.2448410714053573,64
5305,1600000,100,8,1.0,15,106666,Non-private proximal,,,,,,,0,,0.02582495405804657,8
5305,1600000,100,8,1.0,15,106666,Zero estimator,,,,,,,0,,0.9999999999999999,0
5305,3200000,100,4,1.0,15,213333,Full-Record LDP Lasso (ours),0.03,0.03,,,4.3074783263913385,0.030598186837474516,1458323,0.9773992000847593,0.14322710267342065,29
5305,3200000,100,4,1.0,15,213333,Zhu et al. LDP-IHT,,2.0,0.1,8.0,5.7344713472758375,,0,,0.6230108710183013,8
5305,3200000,100,4,1.0,15,213333,Zhu et al. LDP-IHT,,4.0,0.1,16.0,7.489330683884979,,0,,0.6310064949663813,16
5305,3200000,100,4,1.0,15,213333,Zhu et al. LDP-IHT,,8.0,0.1,32.0,9.97107655777468,,0,,1.1571729275566434,32
5305,3200000,100,4,1.0,15,213333,Non-private proximal,,,,,,,0,,0.013372338568411838,4
5305,3200000,100,4,1.0,15,213333,Zero estimator,,,,,,,0,,1.0,0
5305,3200000,100,8,1.0,15,213333,Full-Record LDP Lasso (ours),0.03,0.03,,,4.3074783263913385,0.030598186837474516,1511745,0.8729949263834467,0.19433953519224167,27
5305,3200000,100,8,1.0,15,213333,Zhu et al. LDP-IHT,,2.0,0.1,16.0,7.489330683884979,,0,,0.7468155671615395,16
5305,3200000,100,8,1.0,15,213333,Zhu et al. LDP-IHT,,4.0,0.1,32.0,9.97107655777468,,0,,0.940362963435485,32
5305,3200000,100,8,1.0,15,213333,Zhu et al. LDP-IHT,,8.0,0.1,64.0,13.480795230992964,,0,,1.3263453258215514,64
5305,3200000,100,8,1.0,15,213333,Non-private proximal,,,,,,,0,,0.017803007765693202,8
5305,3200000,100,8,1.0,15,213333,Zero estimator,,,,,,,0,,0.9999999999999999,0
5305,6400000,100,4,1.0,16,400000,Full-Record LDP Lasso (ours),0.03,0.03,,,4.402624294717711,0.02289922352959427,2803345,0.9701159657367324,0.09415848170165232,28
5305,6400000,100,4,1.0,16,400000,Zhu et al. LDP-IHT,,2.0,0.1,8.0,5.999837694025542,,0,,0.44292587603790007,8
5305,6400000,100,4,1.0,16,400000,Zhu et al. LDP-IHT,,4.0,0.1,16.0,7.835904274164952,,0,,0.5253671045122444,16
5305,6400000,100,4,1.0,16,400000,Zhu et al. LDP-IHT,,8.0,0.1,32.0,10.432494533218094,,0,,0.8781485968352934,32
5305,6400000,100,4,1.0,16,400000,Non-private proximal,,,,,,,0,,0.009946869274962218,4
5305,6400000,100,4,1.0,16,400000,Zero estimator,,,,,,,0,,1.0,0
5305,6400000,100,8,1.0,16,400000,Full-Record LDP Lasso (ours),0.03,0.03,,,4.402624294717711,0.02289922352959427,2829896,0.9637021259894711,0.17776626768577442,25
5305,6400000,100,8,1.0,16,400000,Zhu et al. LDP-IHT,,2.0,0.1,16.0,7.835904274164952,,0,,0.5819041654573314,16
5305,6400000,100,8,1.0,16,400000,Zhu et al. LDP-IHT,,4.0,0.1,32.0,10.432494533218094,,0,,0.8634852144674683,32
5305,6400000,100,8,1.0,16,400000,Zhu et al. LDP-IHT,,8.0,0.1,64.0,14.104627693496914,,0,,1.1736983835852073,64
5305,6400000,100,8,1.0,16,400000,Non-private proximal,,,,,,,0,,0.01515508806823064,8
5305,6400000,100,8,1.0,16,400000,Zero estimator,,,,,,,0,,0.9999999999999999,0
5306,800000,100,4,1.0,14,57142,Full-Record LDP Lasso (ours),0.03,0.03,,,4.113651759146752,0.0563369149106939,421923,0.8789568443666291,0.27535097503077666,19
5306,800000,100,4,1.0,14,57142,Zhu et al. LDP-IHT,,2.0,0.1,8.0,5.20373865377643,,0,,0.9666016414563812,8
5306,800000,100,4,1.0,14,57142,Zhu et al. LDP-IHT,,4.0,0.1,16.0,6.796183503325033,,0,,1.1689232882305831,16
5306,800000,100,4,1.0,14,57142,Zhu et al. LDP-IHT,,8.0,0.1,32.0,9.048240606887852,,0,,1.2471293939395318,32
5306,800000,100,4,1.0,14,57142,Non-private proximal,,,,,,,0,,0.02897120516756082,4
5306,800000,100,4,1.0,14,57142,Zero estimator,,,,,,,0,,1.0,0
5306,800000,100,8,1.0,14,57142,Full-Record LDP Lasso (ours),0.03,0.03,,,4.113651759146752,0.0563369149106939,431502,0.8924199272113107,0.3280348584285999,24
5306,800000,100,8,1.0,14,57142,Zhu et al. LDP-IHT,,2.0,0.1,16.0,6.796183503325033,,0,,1.2612746268079449,16
5306,800000,100,8,1.0,14,57142,Zhu et al. LDP-IHT,,4.0,0.1,32.0,9.048240606887852,,0,,1.3583730877378954,32
5306,800000,100,8,1.0,14,57142,Zhu et al. LDP-IHT,,8.0,0.1,64.0,12.23313030598506,,0,,1.311502152864499,64
5306,800000,100,8,1.0,14,57142,Non-private proximal,,,,,,,0,,0.04117337550390949,7
5306,800000,100,8,1.0,14,57142,Zero estimator,,,,,,,0,,1.0,0
5306,1600000,100,4,1.0,15,106666,Full-Record LDP Lasso (ours),0.03,0.03,,,4.211181097668679,0.04232842955185862,777087,0.9184395326740019,0.18771930709998336,22
5306,1600000,100,4,1.0,15,106666,Zhu et al. LDP-IHT,,2.0,0.1,8.0,5.469105000526133,,0,,0.5947069912899445,8
5306,1600000,100,4,1.0,15,106666,Zhu et al. LDP-IHT,,4.0,0.1,16.0,7.142757093605005,,0,,1.0004316778547757,16
5306,1600000,100,4,1.0,15,106666,Zhu et al. LDP-IHT,,8.0,0.1,32.0,9.509658582331264,,0,,0.8082734870745445,32
5306,1600000,100,4,1.0,15,106666,Non-private proximal,,,,,,,0,,0.01705169057194289,4
5306,1600000,100,4,1.0,15,106666,Zero estimator,,,,,,,0,,1.0,0
5306,1600000,100,8,1.0,15,106666,Full-Record LDP Lasso (ours),0.03,0.03,,,4.211181097668679,0.04232842955185862,801094,0.8884493635408941,0.23043515959989808,28
5306,1600000,100,8,1.0,15,106666,Zhu et al. LDP-IHT,,2.0,0.1,16.0,7.142757093605005,,0,,0.9834402990567076,16
5306,1600000,100,8,1.0,15,106666,Zhu et al. LDP-IHT,,4.0,0.1,32.0,9.509658582331264,,0,,1.1090093446392466,32
5306,1600000,100,8,1.0,15,106666,Zhu et al. LDP-IHT,,8.0,0.1,64.0,12.85696276848901,,0,,1.2546626908297647,64
5306,1600000,100,8,1.0,15,106666,Non-private proximal,,,,,,,0,,0.02594354318429302,8
5306,1600000,100,8,1.0,15,106666,Zero estimator,,,,,,,0,,1.0,0
5306,3200000,100,4,1.0,15,213333,Full-Record LDP Lasso (ours),0.03,0.03,,,4.3074783263913385,0.030598186837474516,1457062,0.9330473314897739,0.14310296585767635,28
5306,3200000,100,4,1.0,15,213333,Zhu et al. LDP-IHT,,2.0,0.1,8.0,5.7344713472758375,,0,,0.5614529619991139,8
5306,3200000,100,4,1.0,15,213333,Zhu et al. LDP-IHT,,4.0,0.1,16.0,7.489330683884979,,0,,0.7100608714855826,16
5306,3200000,100,4,1.0,15,213333,Zhu et al. LDP-IHT,,8.0,0.1,32.0,9.97107655777468,,0,,0.9593313475623355,32
5306,3200000,100,4,1.0,15,213333,Non-private proximal,,,,,,,0,,0.012628074900005924,4
5306,3200000,100,4,1.0,15,213333,Zero estimator,,,,,,,0,,1.0,0
5306,3200000,100,8,1.0,15,213333,Full-Record LDP Lasso (ours),0.03,0.03,,,4.3074783263913385,0.030598186837474516,1519398,0.9003942122458803,0.15855329634392615,30
5306,3200000,100,8,1.0,15,213333,Zhu et al. LDP-IHT,,2.0,0.1,16.0,7.489330683884979,,0,,0.6816109805697886,16
5306,3200000,100,8,1.0,15,213333,Zhu et al. LDP-IHT,,4.0,0.1,32.0,9.97107655777468,,0,,1.3691697663794349,32
5306,3200000,100,8,1.0,15,213333,Zhu et al. LDP-IHT,,8.0,0.1,64.0,13.480795230992964,,0,,1.2063517470988434,64
5306,3200000,100,8,1.0,15,213333,Non-private proximal,,,,,,,0,,0.020576417106858935,8
5306,3200000,100,8,1.0,15,213333,Zero estimator,,,,,,,0,,1.0,0
5306,6400000,100,4,1.0,16,400000,Full-Record LDP Lasso (ours),0.03,0.03,,,4.402624294717711,0.02289922352959427,2796178,0.9482552300816185,0.09442607869620874,26
5306,6400000,100,4,1.0,16,400000,Zhu et al. LDP-IHT,,2.0,0.1,8.0,5.999837694025542,,0,,0.4492723605124548,8
5306,6400000,100,4,1.0,16,400000,Zhu et al. LDP-IHT,,4.0,0.1,16.0,7.835904274164952,,0,,0.48222808882378077,16
5306,6400000,100,4,1.0,16,400000,Zhu et al. LDP-IHT,,8.0,0.1,32.0,10.432494533218094,,0,,0.6497708122669791,32
5306,6400000,100,4,1.0,16,400000,Non-private proximal,,,,,,,0,,0.0100773851836083,4
5306,6400000,100,4,1.0,16,400000,Zero estimator,,,,,,,0,,1.0,0
5306,6400000,100,8,1.0,16,400000,Full-Record LDP Lasso (ours),0.03,0.03,,,4.402624294717711,0.02289922352959427,2809950,0.9586647713568249,0.13968241696149233,28
5306,6400000,100,8,1.0,16,400000,Zhu et al. LDP-IHT,,2.0,0.1,16.0,7.835904274164952,,0,,0.5508032298362256,16
5306,6400000,100,8,1.0,16,400000,Zhu et al. LDP-IHT,,4.0,0.1,32.0,10.432494533218094,,0,,0.817545257423987,32
5306,6400000,100,8,1.0,16,400000,Zhu et al. LDP-IHT,,8.0,0.1,64.0,14.104627693496914,,0,,1.1485665251457795,64
5306,6400000,100,8,1.0,16,400000,Non-private proximal,,,,,,,0,,0.011893302964628625,8
5306,6400000,100,8,1.0,16,400000,Zero estimator,,,,,,,0,,1.0,0
5307,800000,100,4,1.0,14,57142,Full-Record LDP Lasso (ours),0.03,0.03,,,4.113651759146752,0.0563369149106939,415287,0.8542699842978592,0.1949934667756837,18
5307,800000,100,4,1.0,14,57142,Zhu et al. LDP-IHT,,2.0,0.1,8.0,5.20373865377643,,0,,1.1069975130960126,8
5307,800000,100,4,1.0,14,57142,Zhu et al. LDP-IHT,,4.0,0.1,16.0,6.796183503325033,,0,,1.3579516373446563,16
5307,800000,100,4,1.0,14,57142,Zhu et al. LDP-IHT,,8.0,0.1,32.0,9.048240606887852,,0,,1.239483159707848,32
5307,800000,100,4,1.0,14,57142,Non-private proximal,,,,,,,0,,0.027767600692293275,4
5307,800000,100,4,1.0,14,57142,Zero estimator,,,,,,,0,,1.0,0
5307,800000,100,8,1.0,14,57142,Full-Record LDP Lasso (ours),0.03,0.03,,,4.113651759146752,0.0563369149106939,440817,0.8155259878196579,0.284087429783567,29
5307,800000,100,8,1.0,14,57142,Zhu et al. LDP-IHT,,2.0,0.1,16.0,6.796183503325033,,0,,1.1251880947394373,16
5307,800000,100,8,1.0,14,57142,Zhu et al. LDP-IHT,,4.0,0.1,32.0,9.048240606887852,,0,,1.2949983376630818,32
5307,800000,100,8,1.0,14,57142,Zhu et al. LDP-IHT,,8.0,0.1,64.0,12.23313030598506,,0,,1.3675552515072997,64
5307,800000,100,8,1.0,14,57142,Non-private proximal,,,,,,,0,,0.03564432152848655,8
5307,800000,100,8,1.0,14,57142,Zero estimator,,,,,,,0,,1.0,0
5307,1600000,100,4,1.0,15,106666,Full-Record LDP Lasso (ours),0.03,0.03,,,4.211181097668679,0.04232842955185862,776668,0.8956787330699741,0.23337649372410454,27
5307,1600000,100,4,1.0,15,106666,Zhu et al. LDP-IHT,,2.0,0.1,8.0,5.469105000526133,,0,,0.7852921364077016,8
5307,1600000,100,4,1.0,15,106666,Zhu et al. LDP-IHT,,4.0,0.1,16.0,7.142757093605005,,0,,0.9462925570388444,16
5307,1600000,100,4,1.0,15,106666,Zhu et al. LDP-IHT,,8.0,0.1,32.0,9.509658582331264,,0,,1.037521426205305,32
5307,1600000,100,4,1.0,15,106666,Non-private proximal,,,,,,,0,,0.017929607214824134,4
5307,1600000,100,4,1.0,15,106666,Zero estimator,,,,,,,0,,1.0,0
5307,1600000,100,8,1.0,15,106666,Full-Record LDP Lasso (ours),0.03,0.03,,,4.211181097668679,0.04232842955185862,805148,0.8619879115487957,0.2106154496053338,29
5307,1600000,100,8,1.0,15,106666,Zhu et al. LDP-IHT,,2.0,0.1,16.0,7.142757093605005,,0,,0.9735911181277095,16
5307,1600000,100,8,1.0,15,106666,Zhu et al. LDP-IHT,,4.0,0.1,32.0,9.509658582331264,,0,,1.2192115852776582,32
5307,1600000,100,8,1.0,15,106666,Zhu et al. LDP-IHT,,8.0,0.1,64.0,12.85696276848901,,0,,1.4165189741730628,64
5307,1600000,100,8,1.0,15,106666,Non-private proximal,,,,,,,0,,0.02762273436661443,8
5307,1600000,100,8,1.0,15,106666,Zero estimator,,,,,,,0,,1.0,0
5307,3200000,100,4,1.0,15,213333,Full-Record LDP Lasso (ours),0.03,0.03,,,4.3074783263913385,0.030598186837474516,1460614,0.9236233864577776,0.14984009284939134,27
5307,3200000,100,4,1.0,15,213333,Zhu et al. LDP-IHT,,2.0,0.1,8.0,5.7344713472758375,,0,,0.5686444218519943,8
5307,3200000,100,4,1.0,15,213333,Zhu et al. LDP-IHT,,4.0,0.1,16.0,7.489330683884979,,0,,0.7422740034277965,16
5307,3200000,100,4,1.0,15,213333,Zhu et al. LDP-IHT,,8.0,0.1,32.0,9.97107655777468,,0,,1.006681145557327,32
5307,3200000,100,4,1.0,15,213333,Non-private proximal,,,,,,,0,,0.013295430636552634,4
5307,3200000,100,4,1.0,15,213333,Zero estimator,,,,,,,0,,1.0,0
5307,3200000,100,8,1.0,15,213333,Full-Record LDP Lasso (ours),0.03,0.03,,,4.3074783263913385,0.030598186837474516,1526858,0.9331752428411487,0.1566350579118676,27
5307,3200000,100,8,1.0,15,213333,Zhu et al. LDP-IHT,,2.0,0.1,16.0,7.489330683884979,,0,,0.7835020738337598,16
5307,3200000,100,8,1.0,15,213333,Zhu et al. LDP-IHT,,4.0,0.1,32.0,9.97107655777468,,0,,1.1563095593399457,32
5307,3200000,100,8,1.0,15,213333,Zhu et al. LDP-IHT,,8.0,0.1,64.0,13.480795230992964,,0,,1.166237251670827,64
5307,3200000,100,8,1.0,15,213333,Non-private proximal,,,,,,,0,,0.01922820419080542,8
5307,3200000,100,8,1.0,15,213333,Zero estimator,,,,,,,0,,1.0,0
5307,6400000,100,4,1.0,16,400000,Full-Record LDP Lasso (ours),0.03,0.03,,,4.402624294717711,0.02289922352959427,2777934,0.970343147179234,0.10148599022798489,23
5307,6400000,100,4,1.0,16,400000,Zhu et al. LDP-IHT,,2.0,0.1,8.0,5.999837694025542,,0,,0.40612125926381737,8
5307,6400000,100,4,1.0,16,400000,Zhu et al. LDP-IHT,,4.0,0.1,16.0,7.835904274164952,,0,,0.5415251139135917,16
5307,6400000,100,4,1.0,16,400000,Zhu et al. LDP-IHT,,8.0,0.1,32.0,10.432494533218094,,0,,0.7920230811908576,32
5307,6400000,100,4,1.0,16,400000,Non-private proximal,,,,,,,0,,0.008401502913284604,4
5307,6400000,100,4,1.0,16,400000,Zero estimator,,,,,,,0,,1.0,0
5307,6400000,100,8,1.0,16,400000,Full-Record LDP Lasso (ours),0.03,0.03,,,4.402624294717711,0.02289922352959427,2816742,0.9362432194518437,0.13379871076448804,27
5307,6400000,100,8,1.0,16,400000,Zhu et al. LDP-IHT,,2.0,0.1,16.0,7.835904274164952,,0,,0.672552215465201,16
5307,6400000,100,8,1.0,16,400000,Zhu et al. LDP-IHT,,4.0,0.1,32.0,10.432494533218094,,0,,0.8071973276977349,32
5307,6400000,100,8,1.0,16,400000,Zhu et al. LDP-IHT,,8.0,0.1,64.0,14.104627693496914,,0,,1.147357799121342,64
5307,6400000,100,8,1.0,16,400000,Non-private proximal,,,,,,,0,,0.013361158389110872,8
5307,6400000,100,8,1.0,16,400000,Zero estimator,,,,,,,0,,1.0,0
5308,800000,100,4,1.0,14,57142,Full-Record LDP Lasso (ours),0.03,0.03,,,4.113651759146752,0.0563369149106939,411813,0.9483362255364597,0.2583823566480115,26
5308,800000,100,4,1.0,14,57142,Zhu et al. LDP-IHT,,2.0,0.1,8.0,5.20373865377643,,0,,0.6047018309152604,8
5308,800000,100,4,1.0,14,57142,Zhu et al. LDP-IHT,,4.0,0.1,16.0,6.796183503325033,,0,,1.3733967848310469,16
5308,800000,100,4,1.0,14,57142,Zhu et al. LDP-IHT,,8.0,0.1,32.0,9.048240606887852,,0,,1.4142135623730951,32
5308,800000,100,4,1.0,14,57142,Non-private proximal,,,,,,,0,,0.02764390459585715,4
5308,800000,100,4,1.0,14,57142,Zero estimator,,,,,,,0,,1.0,0
5308,800000,100,8,1.0,14,57142,Full-Record LDP Lasso (ours),0.03,0.03,,,4.113651759146752,0.0563369149106939,440699,0.8270331117545581,0.3375948096219209,26
5308,800000,100,8,1.0,14,57142,Zhu et al. LDP-IHT,,2.0,0.1,16.0,6.796183503325033,,0,,1.3504353384598986,16
5308,800000,100,8,1.0,14,57142,Zhu et al. LDP-IHT,,4.0,0.1,32.0,9.048240606887852,,0,,1.3407791893691081,32
5308,800000,100,8,1.0,14,57142,Zhu et al. LDP-IHT,,8.0,0.1,64.0,12.23313030598506,,0,,1.3252351657980634,64
5308,800000,100,8,1.0,14,57142,Non-private proximal,,,,,,,0,,0.03735496167717783,8
5308,800000,100,8,1.0,14,57142,Zero estimator,,,,,,,0,,0.9999999999999999,0
5308,1600000,100,4,1.0,15,106666,Full-Record LDP Lasso (ours),0.03,0.03,,,4.211181097668679,0.04232842955185862,766639,0.9242819782961983,0.19219822150042104,17
5308,1600000,100,4,1.0,15,106666,Zhu et al. LDP-IHT,,2.0,0.1,8.0,5.469105000526133,,0,,0.5764785108658738,8
5308,1600000,100,4,1.0,15,106666,Zhu et al. LDP-IHT,,4.0,0.1,16.0,7.142757093605005,,0,,0.9043044144453115,16
5308,1600000,100,4,1.0,15,106666,Zhu et al. LDP-IHT,,8.0,0.1,32.0,9.509658582331264,,0,,1.0933553544130035,32
5308,1600000,100,4,1.0,15,106666,Non-private proximal,,,,,,,0,,0.01810547688176564,4
5308,1600000,100,4,1.0,15,106666,Zero estimator,,,,,,,0,,1.0,0
5308,1600000,100,8,1.0,15,106666,Full-Record LDP Lasso (ours),0.03,0.03,,,4.211181097668679,0.04232842955185862,833031,0.8466837288221003,0.2874789232415872,26
5308,1600000,100,8,1.0,15,106666,Zhu et al. LDP-IHT,,2.0,0.1,16.0,7.142757093605005,,0,,1.0315561739198327,16
5308,1600000,100,8,1.0,15,106666,Zhu et al. LDP-IHT,,4.0,0.1,32.0,9.509658582331264,,0,,1.2102414288979755,32
5308,1600000,100,8,1.0,15,106666,Zhu et al. LDP-IHT,,8.0,0.1,64.0,12.85696276848901,,0,,1.323136105594965,64
5308,1600000,100,8,1.0,15,106666,Non-private proximal,,,,,,,0,,0.02819456325558536,8
5308,1600000,100,8,1.0,15,106666,Zero estimator,,,,,,,0,,0.9999999999999999,0
5308,3200000,100,4,1.0,15,213333,Full-Record LDP Lasso (ours),0.03,0.03,,,4.3074783263913385,0.030598186837474516,1461971,0.9730976184786264,0.13672697799346617,21
5308,3200000,100,4,1.0,15,213333,Zhu et al. LDP-IHT,,2.0,0.1,8.0,5.7344713472758375,,0,,0.42613860029213096,8
5308,3200000,100,4,1.0,15,213333,Zhu et al. LDP-IHT,,4.0,0.1,16.0,7.489330683884979,,0,,0.6197068981950549,16
5308,3200000,100,4,1.0,15,213333,Zhu et al. LDP-IHT,,8.0,0.1,32.0,9.97107655777468,,0,,0.922824596613554,32
5308,3200000,100,4,1.0,15,213333,Non-private proximal,,,,,,,0,,0.014277820995878272,4
5308,3200000,100,4,1.0,15,213333,Zero estimator,,,,,,,0,,1.0,0
5308,3200000,100,8,1.0,15,213333,Full-Record LDP Lasso (ours),0.03,0.03,,,4.3074783263913385,0.030598186837474516,1494735,0.9130983696151656,0.17196773120781803,26
5308,3200000,100,8,1.0,15,213333,Zhu et al. LDP-IHT,,2.0,0.1,16.0,7.489330683884979,,0,,0.7217240657444787,16
5308,3200000,100,8,1.0,15,213333,Zhu et al. LDP-IHT,,4.0,0.1,32.0,9.97107655777468,,0,,0.8381546358421784,32
5308,3200000,100,8,1.0,15,213333,Zhu et al. LDP-IHT,,8.0,0.1,64.0,13.480795230992964,,0,,1.0930924553075194,64
5308,3200000,100,8,1.0,15,213333,Non-private proximal,,,,,,,0,,0.02016636825672088,8
5308,3200000,100,8,1.0,15,213333,Zero estimator,,,,,,,0,,0.9999999999999999,0
5308,6400000,100,4,1.0,16,400000,Full-Record LDP Lasso (ours),0.03,0.03,,,4.402624294717711,0.02289922352959427,2777752,0.9711767595191397,0.10259497054188789,20
5308,6400000,100,4,1.0,16,400000,Zhu et al. LDP-IHT,,2.0,0.1,8.0,5.999837694025542,,0,,0.42893610136517285,8
5308,6400000,100,4,1.0,16,400000,Zhu et al. LDP-IHT,,4.0,0.1,16.0,7.835904274164952,,0,,0.5316763227574729,16
5308,6400000,100,4,1.0,16,400000,Zhu et al. LDP-IHT,,8.0,0.1,32.0,10.432494533218094,,0,,0.7705479850386108,32
5308,6400000,100,4,1.0,16,400000,Non-private proximal,,,,,,,0,,0.008414813119958725,4
5308,6400000,100,4,1.0,16,400000,Zero estimator,,,,,,,0,,1.0,0
5308,6400000,100,8,1.0,16,400000,Full-Record LDP Lasso (ours),0.03,0.03,,,4.402624294717711,0.02289922352959427,2844940,0.9382891342682582,0.1344949161026107,32
5308,6400000,100,8,1.0,16,400000,Zhu et al. LDP-IHT,,2.0,0.1,16.0,7.835904274164952,,0,,0.5756376536428566,16
5308,6400000,100,8,1.0,16,400000,Zhu et al. LDP-IHT,,4.0,0.1,32.0,10.432494533218094,,0,,0.8113867570368846,32
5308,6400000,100,8,1.0,16,400000,Zhu et al. LDP-IHT,,8.0,0.1,64.0,14.104627693496914,,0,,0.986811884502124,64
5308,6400000,100,8,1.0,16,400000,Non-private proximal,,,,,,,0,,0.012838470539308925,8
5308,6400000,100,8,1.0,16,400000,Zero estimator,,,,,,,0,,0.9999999999999999,0
