seed,n,p,s_star,epsilon,delta,setting,noise_scale,coef,smoothness,sigma,label_bound,clip_rate,published_sigma,method,multiplier,l2_error,support
6301,2000,4000,5,0.95,0.0023381211195565516,gaussian,1.0,decay,5.5697150230407715,7.842271706420105,1.615,0.258,24.102237481813713,Non-private,,0.12173597514629364,15
6301,2000,4000,5,0.95,0.0023381211195565516,gaussian,1.0,decay,5.5697150230407715,7.842271706420105,1.615,0.258,24.102237481813713,Wang-Xu Label-LDP-IHT,,1.006701111793518,5
6301,2000,4000,5,0.95,0.0023381211195565516,gaussian,1.0,decay,5.5697150230407715,7.842271706420105,1.615,0.258,24.102237481813713,Zero estimator,,0.9999999403953552,0
6301,2000,4000,5,0.95,0.0023381211195565516,gaussian,1.0,decay,5.5697150230407715,7.842271706420105,1.615,0.258,24.102237481813713,Label-LDP Lasso (ours),0.75,0.7916308045387268,6
6301,2000,4000,5,0.95,0.0023381211195565516,bounded_uniform,1.0,decay,5.616467475891113,7.842271706420105,1.615,0.2545,24.102237481813713,Non-private,,0.16795134544372559,11
6301,2000,4000,5,0.95,0.0023381211195565516,bounded_uniform,1.0,decay,5.616467475891113,7.842271706420105,1.615,0.2545,24.102237481813713,Wang-Xu Label-LDP-IHT,,1.0158209800720215,5
6301,2000,4000,5,0.95,0.0023381211195565516,bounded_uniform,1.0,decay,5.616467475891113,7.842271706420105,1.615,0.2545,24.102237481813713,Zero estimator,,0.9999999403953552,0
6301,2000,4000,5,0.95,0.0023381211195565516,bounded_uniform,1.0,decay,5.616467475891113,7.842271706420105,1.615,0.2545,24.102237481813713,Label-LDP Lasso (ours),0.75,0.7968088984489441,11
6301,2000,4000,5,0.95,0.0023381211195565516,rademacher,0.05,decay,5.612977981567383,7.842271706420105,1.615,0.032,24.102237481813713,Non-private,,0.1520131379365921,5
6301,2000,4000,5,0.95,0.0023381211195565516,rademacher,0.05,decay,5.612977981567383,7.842271706420105,1.615,0.032,24.102237481813713,Wang-Xu Label-LDP-IHT,,1.002469778060913,5
6301,2000,4000,5,0.95,0.0023381211195565516,rademacher,0.05,decay,5.612977981567383,7.842271706420105,1.615,0.032,24.102237481813713,Zero estimator,,0.9999999403953552,0
6301,2000,4000,5,0.95,0.0023381211195565516,rademacher,0.05,decay,5.612977981567383,7.842271706420105,1.615,0.032,24.102237481813713,Label-LDP Lasso (ours),0.75,0.8125569820404053,8
6301,4000,8000,5,0.95,0.0010907720713776194,gaussian,1.0,decay,5.688719749450684,8.597906550714795,1.615,0.257,25.52313319351188,Non-private,,0.11602820456027985,17
6301,4000,8000,5,0.95,0.0010907720713776194,gaussian,1.0,decay,5.688719749450684,8.597906550714795,1.615,0.257,25.52313319351188,Wang-Xu Label-LDP-IHT,,0.9988318085670471,5
6301,4000,8000,5,0.95,0.0010907720713776194,gaussian,1.0,decay,5.688719749450684,8.597906550714795,1.615,0.257,25.52313319351188,Zero estimator,,0.9999999403953552,0
6301,4000,8000,5,0.95,0.0010907720713776194,gaussian,1.0,decay,5.688719749450684,8.597906550714795,1.615,0.257,25.52313319351188,Label-LDP Lasso (ours),0.75,0.7961604595184326,16
6301,4000,8000,5,0.95,0.0010907720713776194,bounded_uniform,1.0,decay,5.652130603790283,8.597906550714795,1.615,0.259,25.52313319351188,Non-private,,0.13026560842990875,17
6301,4000,8000,5,0.95,0.0010907720713776194,bounded_uniform,1.0,decay,5.652130603790283,8.597906550714795,1.615,0.259,25.52313319351188,Wang-Xu Label-LDP-IHT,,0.8743104934692383,5
6301,4000,8000,5,0.95,0.0010907720713776194,bounded_uniform,1.0,decay,5.652130603790283,8.597906550714795,1.615,0.259,25.52313319351188,Zero estimator,,0.9999999403953552,0
6301,4000,8000,5,0.95,0.0010907720713776194,bounded_uniform,1.0,decay,5.652130603790283,8.597906550714795,1.615,0.259,25.52313319351188,Label-LDP Lasso (ours),0.75,0.5876332521438599,9
6301,4000,8000,5,0.95,0.0010907720713776194,rademacher,0.05,decay,5.66502571105957,8.597906550714795,1.615,0.032,25.52313319351188,Non-private,,0.1115315854549408,5
6301,4000,8000,5,0.95,0.0010907720713776194,rademacher,0.05,decay,5.66502571105957,8.597906550714795,1.615,0.032,25.52313319351188,Wang-Xu Label-LDP-IHT,,0.8670077323913574,5
6301,4000,8000,5,0.95,0.0010907720713776194,rademacher,0.05,decay,5.66502571105957,8.597906550714795,1.615,0.032,25.52313319351188,Zero estimator,,0.9999999403953552,0
6301,4000,8000,5,0.95,0.0010907720713776194,rademacher,0.05,decay,5.66502571105957,8.597906550714795,1.615,0.032,25.52313319351188,Label-LDP Lasso (ours),0.75,0.617588460445404,15
6301,8000,16000,5,0.95,0.0005088631644211301,gaussian,1.0,decay,5.660437107086182,9.32103373539826,1.615,0.24825,26.868993364057204,Non-private,,0.08736884593963623,23
6301,8000,16000,5,0.95,0.0005088631644211301,gaussian,1.0,decay,5.660437107086182,9.32103373539826,1.615,0.24825,26.868993364057204,Wang-Xu Label-LDP-IHT,,0.7568362355232239,5
6301,8000,16000,5,0.95,0.0005088631644211301,gaussian,1.0,decay,5.660437107086182,9.32103373539826,1.615,0.24825,26.868993364057204,Zero estimator,,0.9999999403953552,0
6301,8000,16000,5,0.95,0.0005088631644211301,gaussian,1.0,decay,5.660437107086182,9.32103373539826,1.615,0.24825,26.868993364057204,Label-LDP Lasso (ours),0.75,0.7066466212272644,15
6301,8000,16000,5,0.95,0.0005088631644211301,bounded_uniform,1.0,decay,5.642435073852539,9.32103373539826,1.615,0.264125,26.868993364057204,Non-private,,0.07524221390485764,15
6301,8000,16000,5,0.95,0.0005088631644211301,bounded_uniform,1.0,decay,5.642435073852539,9.32103373539826,1.615,0.264125,26.868993364057204,Wang-Xu Label-LDP-IHT,,0.9581273198127747,5
6301,8000,16000,5,0.95,0.0005088631644211301,bounded_uniform,1.0,decay,5.642435073852539,9.32103373539826,1.615,0.264125,26.868993364057204,Zero estimator,,0.9999999403953552,0
6301,8000,16000,5,0.95,0.0005088631644211301,bounded_uniform,1.0,decay,5.642435073852539,9.32103373539826,1.615,0.264125,26.868993364057204,Label-LDP Lasso (ours),0.75,0.7985131740570068,17
6301,8000,16000,5,0.95,0.0005088631644211301,rademacher,0.05,decay,5.669116020202637,9.32103373539826,1.615,0.03325,26.868993364057204,Non-private,,0.08286800235509872,5
6301,8000,16000,5,0.95,0.0005088631644211301,rademacher,0.05,decay,5.669116020202637,9.32103373539826,1.615,0.03325,26.868993364057204,Wang-Xu Label-LDP-IHT,,0.7840091586112976,5
6301,8000,16000,5,0.95,0.0005088631644211301,rademacher,0.05,decay,5.669116020202637,9.32103373539826,1.615,0.03325,26.868993364057204,Zero estimator,,0.9999999403953552,0
6301,8000,16000,5,0.95,0.0005088631644211301,rademacher,0.05,decay,5.669116020202637,9.32103373539826,1.615,0.03325,26.868993364057204,Label-LDP Lasso (ours),0.75,0.5727145671844482,10
6301,16000,32000,5,0.95,0.00023739306029136662,gaussian,1.0,decay,5.648417949676514,10.01427957312695,1.615,0.2511875,28.150582245874634,Non-private,,0.06313516944646835,23
6301,16000,32000,5,0.95,0.00023739306029136662,gaussian,1.0,decay,5.648417949676514,10.01427957312695,1.615,0.2511875,28.150582245874634,Wang-Xu Label-LDP-IHT,,0.7693236470222473,5
6301,16000,32000,5,0.95,0.00023739306029136662,gaussian,1.0,decay,5.648417949676514,10.01427957312695,1.615,0.2511875,28.150582245874634,Zero estimator,,0.9999999403953552,0
6301,16000,32000,5,0.95,0.00023739306029136662,gaussian,1.0,decay,5.648417949676514,10.01427957312695,1.615,0.2511875,28.150582245874634,Label-LDP Lasso (ours),0.75,0.5934731960296631,22
6301,16000,32000,5,0.95,0.00023739306029136662,bounded_uniform,1.0,decay,5.672153472900391,10.01427957312695,1.615,0.2635625,28.150582245874634,Non-private,,0.05773021653294563,25
6301,16000,32000,5,0.95,0.00023739306029136662,bounded_uniform,1.0,decay,5.672153472900391,10.01427957312695,1.615,0.2635625,28.150582245874634,Wang-Xu Label-LDP-IHT,,0.7825154066085815,5
6301,16000,32000,5,0.95,0.00023739306029136662,bounded_uniform,1.0,decay,5.672153472900391,10.01427957312695,1.615,0.2635625,28.150582245874634,Zero estimator,,0.9999999403953552,0
6301,16000,32000,5,0.95,0.00023739306029136662,bounded_uniform,1.0,decay,5.672153472900391,10.01427957312695,1.615,0.2635625,28.150582245874634,Label-LDP Lasso (ours),0.75,0.5982351899147034,33
6301,16000,32000,5,0.95,0.00023739306029136662,rademacher,0.05,decay,5.671691417694092,10.01427957312695,1.615,0.032625,28.150582245874634,Non-private,,0.059927839785814285,5
6301,16000,32000,5,0.95,0.00023739306029136662,rademacher,0.05,decay,5.671691417694092,10.01427957312695,1.615,0.032625,28.150582245874634,Wang-Xu Label-LDP-IHT,,0.563889741897583,5
6301,16000,32000,5,0.95,0.00023739306029136662,rademacher,0.05,decay,5.671691417694092,10.01427957312695,1.615,0.032625,28.150582245874634,Zero estimator,,0.9999999403953552,0
6301,16000,32000,5,0.95,0.00023739306029136662,rademacher,0.05,decay,5.671691417694092,10.01427957312695,1.615,0.032625,28.150582245874634,Label-LDP Lasso (ours),0.75,0.4650689363479614,19
6302,2000,4000,5,0.95,0.0023381211195565516,gaussian,1.0,decay,5.628422260284424,7.842271706420105,1.615,0.2595,24.102237481813713,Non-private,,0.14348052442073822,14
6302,2000,4000,5,0.95,0.0023381211195565516,gaussian,1.0,decay,5.628422260284424,7.842271706420105,1.615,0.2595,24.102237481813713,Wang-Xu Label-LDP-IHT,,1.0460525751113892,5
6302,2000,4000,5,0.95,0.0023381211195565516,gaussian,1.0,decay,5.628422260284424,7.842271706420105,1.615,0.2595,24.102237481813713,Zero estimator,,0.9999999403953552,0
6302,2000,4000,5,0.95,0.0023381211195565516,gaussian,1.0,decay,5.628422260284424,7.842271706420105,1.615,0.2595,24.102237481813713,Label-LDP Lasso (ours),0.75,0.8419175744056702,14
6302,2000,4000,5,0.95,0.0023381211195565516,bounded_uniform,1.0,decay,5.662622928619385,7.842271706420105,1.615,0.2695,24.102237481813713,Non-private,,0.12510253489017487,12
6302,2000,4000,5,0.95,0.0023381211195565516,bounded_uniform,1.0,decay,5.662622928619385,7.842271706420105,1.615,0.2695,24.102237481813713,Wang-Xu Label-LDP-IHT,,1.0383936166763306,5
6302,2000,4000,5,0.95,0.0023381211195565516,bounded_uniform,1.0,decay,5.662622928619385,7.842271706420105,1.615,0.2695,24.102237481813713,Zero estimator,,0.9999999403953552,0
6302,2000,4000,5,0.95,0.0023381211195565516,bounded_uniform,1.0,decay,5.662622928619385,7.842271706420105,1.615,0.2695,24.102237481813713,Label-LDP Lasso (ours),0.75,0.9180877208709717,10
6302,2000,4000,5,0.95,0.0023381211195565516,rademacher,0.05,decay,5.68968391418457,7.842271706420105,1.615,0.031,24.102237481813713,Non-private,,0.15630696713924408,5
6302,2000,4000,5,0.95,0.0023381211195565516,rademacher,0.05,decay,5.68968391418457,7.842271706420105,1.615,0.031,24.102237481813713,Wang-Xu Label-LDP-IHT,,0.9846288561820984,5
6302,2000,4000,5,0.95,0.0023381211195565516,rademacher,0.05,decay,5.68968391418457,7.842271706420105,1.615,0.031,24.102237481813713,Zero estimator,,0.9999999403953552,0
6302,2000,4000,5,0.95,0.0023381211195565516,rademacher,0.05,decay,5.68968391418457,7.842271706420105,1.615,0.031,24.102237481813713,Label-LDP Lasso (ours),0.75,0.7550420761108398,7
6302,4000,8000,5,0.95,0.0010907720713776194,gaussian,1.0,decay,5.721904754638672,8.597906550714795,1.615,0.25525,25.52313319351188,Non-private,,0.12114128470420837,17
6302,4000,8000,5,0.95,0.0010907720713776194,gaussian,1.0,decay,5.721904754638672,8.597906550714795,1.615,0.25525,25.52313319351188,Wang-Xu Label-LDP-IHT,,0.9219451546669006,5
6302,4000,8000,5,0.95,0.0010907720713776194,gaussian,1.0,decay,5.721904754638672,8.597906550714795,1.615,0.25525,25.52313319351188,Zero estimator,,0.9999999403953552,0
6302,4000,8000,5,0.95,0.0010907720713776194,gaussian,1.0,decay,5.721904754638672,8.597906550714795,1.615,0.25525,25.52313319351188,Label-LDP Lasso (ours),0.75,0.6721673011779785,15
6302,4000,8000,5,0.95,0.0010907720713776194,bounded_uniform,1.0,decay,5.624288082122803,8.597906550714795,1.615,0.26675,25.52313319351188,Non-private,,0.12903088331222534,16
6302,4000,8000,5,0.95,0.0010907720713776194,bounded_uniform,1.0,decay,5.624288082122803,8.597906550714795,1.615,0.26675,25.52313319351188,Wang-Xu Label-LDP-IHT,,0.7321171164512634,5
6302,4000,8000,5,0.95,0.0010907720713776194,bounded_uniform,1.0,decay,5.624288082122803,8.597906550714795,1.615,0.26675,25.52313319351188,Zero estimator,,0.9999999403953552,0
6302,4000,8000,5,0.95,0.0010907720713776194,bounded_uniform,1.0,decay,5.624288082122803,8.597906550714795,1.615,0.26675,25.52313319351188,Label-LDP Lasso (ours),0.75,0.6036315560340881,18
6302,4000,8000,5,0.95,0.0010907720713776194,rademacher,0.05,decay,5.681435585021973,8.597906550714795,1.615,0.03025,25.52313319351188,Non-private,,0.11371376365423203,5
6302,4000,8000,5,0.95,0.0010907720713776194,rademacher,0.05,decay,5.681435585021973,8.597906550714795,1.615,0.03025,25.52313319351188,Wang-Xu Label-LDP-IHT,,0.8116948008537292,5
6302,4000,8000,5,0.95,0.0010907720713776194,rademacher,0.05,decay,5.681435585021973,8.597906550714795,1.615,0.03025,25.52313319351188,Zero estimator,,0.9999999403953552,0
6302,4000,8000,5,0.95,0.0010907720713776194,rademacher,0.05,decay,5.681435585021973,8.597906550714795,1.615,0.03025,25.52313319351188,Label-LDP Lasso (ours),0.75,0.5320423245429993,11
6302,8000,16000,5,0.95,0.0005088631644211301,gaussian,1.0,decay,5.640056610107422,9.32103373539826,1.615,0.255625,26.868993364057204,Non-private,,0.07033856958150864,16
6302,8000,16000,5,0.95,0.0005088631644211301,gaussian,1.0,decay,5.640056610107422,9.32103373539826,1.615,0.255625,26.868993364057204,Wang-Xu Label-LDP-IHT,,0.7796748280525208,5
6302,8000,16000,5,0.95,0.0005088631644211301,gaussian,1.0,decay,5.640056610107422,9.32103373539826,1.615,0.255625,26.868993364057204,Zero estimator,,0.9999999403953552,0
6302,8000,16000,5,0.95,0.0005088631644211301,gaussian,1.0,decay,5.640056610107422,9.32103373539826,1.615,0.255625,26.868993364057204,Label-LDP Lasso (ours),0.75,0.5524438619613647,10
6302,8000,16000,5,0.95,0.0005088631644211301,bounded_uniform,1.0,decay,5.639207363128662,9.32103373539826,1.615,0.263,26.868993364057204,Non-private,,0.09118828922510147,22
6302,8000,16000,5,0.95,0.0005088631644211301,bounded_uniform,1.0,decay,5.639207363128662,9.32103373539826,1.615,0.263,26.868993364057204,Wang-Xu Label-LDP-IHT,,0.8249824643135071,5
6302,8000,16000,5,0.95,0.0005088631644211301,bounded_uniform,1.0,decay,5.639207363128662,9.32103373539826,1.615,0.263,26.868993364057204,Zero estimator,,0.9999999403953552,0
6302,8000,16000,5,0.95,0.0005088631644211301,bounded_uniform,1.0,decay,5.639207363128662,9.32103373539826,1.615,0.263,26.868993364057204,Label-LDP Lasso (ours),0.75,0.5856134295463562,13
6302,8000,16000,5,0.95,0.0005088631644211301,rademacher,0.05,decay,5.6473870277404785,9.32103373539826,1.615,0.032625,26.868993364057204,Non-private,,0.08201173692941666,5
6302,8000,16000,5,0.95,0.0005088631644211301,rademacher,0.05,decay,5.6473870277404785,9.32103373539826,1.615,0.032625,26.868993364057204,Wang-Xu Label-LDP-IHT,,0.8035585880279541,5
6302,8000,16000,5,0.95,0.0005088631644211301,rademacher,0.05,decay,5.6473870277404785,9.32103373539826,1.615,0.032625,26.868993364057204,Zero estimator,,0.9999999403953552,0
6302,8000,16000,5,0.95,0.0005088631644211301,rademacher,0.05,decay,5.6473870277404785,9.32103373539826,1.615,0.032625,26.868993364057204,Label-LDP Lasso (ours),0.75,0.553305447101593,24
6302,16000,32000,5,0.95,0.00023739306029136662,gaussian,1.0,decay,5.656425476074219,10.01427957312695,1.615,0.2566875,28.150582245874634,Non-private,,0.05112398788332939,26
6302,16000,32000,5,0.95,0.00023739306029136662,gaussian,1.0,decay,5.656425476074219,10.01427957312695,1.615,0.2566875,28.150582245874634,Wang-Xu Label-LDP-IHT,,0.781725287437439,5
6302,16000,32000,5,0.95,0.00023739306029136662,gaussian,1.0,decay,5.656425476074219,10.01427957312695,1.615,0.2566875,28.150582245874634,Zero estimator,,0.9999999403953552,0
6302,16000,32000,5,0.95,0.00023739306029136662,gaussian,1.0,decay,5.656425476074219,10.01427957312695,1.615,0.2566875,28.150582245874634,Label-LDP Lasso (ours),0.75,0.6396044492721558,20
6302,16000,32000,5,0.95,0.00023739306029136662,bounded_uniform,1.0,decay,5.665864944458008,10.01427957312695,1.615,0.268625,28.150582245874634,Non-private,,0.0651044175028801,23
6302,16000,32000,5,0.95,0.00023739306029136662,bounded_uniform,1.0,decay,5.665864944458008,10.01427957312695,1.615,0.268625,28.150582245874634,Wang-Xu Label-LDP-IHT,,0.772509753704071,5
6302,16000,32000,5,0.95,0.00023739306029136662,bounded_uniform,1.0,decay,5.665864944458008,10.01427957312695,1.615,0.268625,28.150582245874634,Zero estimator,,0.9999999403953552,0
6302,16000,32000,5,0.95,0.00023739306029136662,bounded_uniform,1.0,decay,5.665864944458008,10.01427957312695,1.615,0.268625,28.150582245874634,Label-LDP Lasso (ours),0.75,0.5775906443595886,26
6302,16000,32000,5,0.95,0.00023739306029136662,rademacher,0.05,decay,5.639527320861816,10.01427957312695,1.615,0.0301875,28.150582245874634,Non-private,,0.06067868694663048,5
6302,16000,32000,5,0.95,0.00023739306029136662,rademacher,0.05,decay,5.639527320861816,10.01427957312695,1.615,0.0301875,28.150582245874634,Wang-Xu Label-LDP-IHT,,0.6747657656669617,5
6302,16000,32000,5,0.95,0.00023739306029136662,rademacher,0.05,decay,5.639527320861816,10.01427957312695,1.615,0.0301875,28.150582245874634,Zero estimator,,0.9999999403953552,0
6302,16000,32000,5,0.95,0.00023739306029136662,rademacher,0.05,decay,5.639527320861816,10.01427957312695,1.615,0.0301875,28.150582245874634,Label-LDP Lasso (ours),0.75,0.4708907902240753,16
6303,2000,4000,5,0.95,0.0023381211195565516,gaussian,1.0,decay,5.660245895385742,7.842271706420105,1.615,0.2615,24.102237481813713,Non-private,,0.15650030970573425,15
6303,2000,4000,5,0.95,0.0023381211195565516,gaussian,1.0,decay,5.660245895385742,7.842271706420105,1.615,0.2615,24.102237481813713,Wang-Xu Label-LDP-IHT,,1.0082006454467773,5
6303,2000,4000,5,0.95,0.0023381211195565516,gaussian,1.0,decay,5.660245895385742,7.842271706420105,1.615,0.2615,24.102237481813713,Zero estimator,,0.9999999403953552,0
6303,2000,4000,5,0.95,0.0023381211195565516,gaussian,1.0,decay,5.660245895385742,7.842271706420105,1.615,0.2615,24.102237481813713,Label-LDP Lasso (ours),0.75,0.8099747896194458,7
6303,2000,4000,5,0.95,0.0023381211195565516,bounded_uniform,1.0,decay,5.615730285644531,7.842271706420105,1.615,0.265,24.102237481813713,Non-private,,0.16092807054519653,14
6303,2000,4000,5,0.95,0.0023381211195565516,bounded_uniform,1.0,decay,5.615730285644531,7.842271706420105,1.615,0.265,24.102237481813713,Wang-Xu Label-LDP-IHT,,1.0676062107086182,5
6303,2000,4000,5,0.95,0.0023381211195565516,bounded_uniform,1.0,decay,5.615730285644531,7.842271706420105,1.615,0.265,24.102237481813713,Zero estimator,,0.9999999403953552,0
6303,2000,4000,5,0.95,0.0023381211195565516,bounded_uniform,1.0,decay,5.615730285644531,7.842271706420105,1.615,0.265,24.102237481813713,Label-LDP Lasso (ours),0.75,0.8915557265281677,14
6303,2000,4000,5,0.95,0.0023381211195565516,rademacher,0.05,decay,5.620560169219971,7.842271706420105,1.615,0.029,24.102237481813713,Non-private,,0.15527795255184174,5
6303,2000,4000,5,0.95,0.0023381211195565516,rademacher,0.05,decay,5.620560169219971,7.842271706420105,1.615,0.029,24.102237481813713,Wang-Xu Label-LDP-IHT,,1.032985806465149,5
6303,2000,4000,5,0.95,0.0023381211195565516,rademacher,0.05,decay,5.620560169219971,7.842271706420105,1.615,0.029,24.102237481813713,Zero estimator,,0.9999999403953552,0
6303,2000,4000,5,0.95,0.0023381211195565516,rademacher,0.05,decay,5.620560169219971,7.842271706420105,1.615,0.029,24.102237481813713,Label-LDP Lasso (ours),0.75,0.8597517609596252,13
6303,4000,8000,5,0.95,0.0010907720713776194,gaussian,1.0,decay,5.639613628387451,8.597906550714795,1.615,0.258,25.52313319351188,Non-private,,0.09512080997228622,17
6303,4000,8000,5,0.95,0.0010907720713776194,gaussian,1.0,decay,5.639613628387451,8.597906550714795,1.615,0.258,25.52313319351188,Wang-Xu Label-LDP-IHT,,1.0021430253982544,5
6303,4000,8000,5,0.95,0.0010907720713776194,gaussian,1.0,decay,5.639613628387451,8.597906550714795,1.615,0.258,25.52313319351188,Zero estimator,,0.9999999403953552,0
6303,4000,8000,5,0.95,0.0010907720713776194,gaussian,1.0,decay,5.639613628387451,8.597906550714795,1.615,0.258,25.52313319351188,Label-LDP Lasso (ours),0.75,0.8731191754341125,18
6303,4000,8000,5,0.95,0.0010907720713776194,bounded_uniform,1.0,decay,5.664086818695068,8.597906550714795,1.615,0.2585,25.52313319351188,Non-private,,0.11226080358028412,17
6303,4000,8000,5,0.95,0.0010907720713776194,bounded_uniform,1.0,decay,5.664086818695068,8.597906550714795,1.615,0.2585,25.52313319351188,Wang-Xu Label-LDP-IHT,,1.4142134189605713,5
6303,4000,8000,5,0.95,0.0010907720713776194,bounded_uniform,1.0,decay,5.664086818695068,8.597906550714795,1.615,0.2585,25.52313319351188,Zero estimator,,0.9999999403953552,0
6303,4000,8000,5,0.95,0.0010907720713776194,bounded_uniform,1.0,decay,5.664086818695068,8.597906550714795,1.615,0.2585,25.52313319351188,Label-LDP Lasso (ours),0.75,1.002421259880066,13
6303,4000,8000,5,0.95,0.0010907720713776194,rademacher,0.05,decay,5.677311897277832,8.597906550714795,1.615,0.0315,25.52313319351188,Non-private,,0.11404222995042801,5
6303,4000,8000,5,0.95,0.0010907720713776194,rademacher,0.05,decay,5.677311897277832,8.597906550714795,1.615,0.0315,25.52313319351188,Wang-Xu Label-LDP-IHT,,0.9464812278747559,5
6303,4000,8000,5,0.95,0.0010907720713776194,rademacher,0.05,decay,5.677311897277832,8.597906550714795,1.615,0.0315,25.52313319351188,Zero estimator,,0.9999999403953552,0
6303,4000,8000,5,0.95,0.0010907720713776194,rademacher,0.05,decay,5.677311897277832,8.597906550714795,1.615,0.0315,25.52313319351188,Label-LDP Lasso (ours),0.75,0.7488172650337219,13
6303,8000,16000,5,0.95,0.0005088631644211301,gaussian,1.0,decay,5.662927150726318,9.32103373539826,1.615,0.246,26.868993364057204,Non-private,,0.09961140900850296,15
6303,8000,16000,5,0.95,0.0005088631644211301,gaussian,1.0,decay,5.662927150726318,9.32103373539826,1.615,0.246,26.868993364057204,Wang-Xu Label-LDP-IHT,,0.977400541305542,5
6303,8000,16000,5,0.95,0.0005088631644211301,gaussian,1.0,decay,5.662927150726318,9.32103373539826,1.615,0.246,26.868993364057204,Zero estimator,,0.9999999403953552,0
6303,8000,16000,5,0.95,0.0005088631644211301,gaussian,1.0,decay,5.662927150726318,9.32103373539826,1.615,0.246,26.868993364057204,Label-LDP Lasso (ours),0.75,0.905910074710846,22
6303,8000,16000,5,0.95,0.0005088631644211301,bounded_uniform,1.0,decay,5.622389793395996,9.32103373539826,1.615,0.26425,26.868993364057204,Non-private,,0.0872701108455658,23
6303,8000,16000,5,0.95,0.0005088631644211301,bounded_uniform,1.0,decay,5.622389793395996,9.32103373539826,1.615,0.26425,26.868993364057204,Wang-Xu Label-LDP-IHT,,0.9219335317611694,5
6303,8000,16000,5,0.95,0.0005088631644211301,bounded_uniform,1.0,decay,5.622389793395996,9.32103373539826,1.615,0.26425,26.868993364057204,Zero estimator,,0.9999999403953552,0
6303,8000,16000,5,0.95,0.0005088631644211301,bounded_uniform,1.0,decay,5.622389793395996,9.32103373539826,1.615,0.26425,26.868993364057204,Label-LDP Lasso (ours),0.75,0.7371101379394531,22
6303,8000,16000,5,0.95,0.0005088631644211301,rademacher,0.05,decay,5.662674427032471,9.32103373539826,1.615,0.033,26.868993364057204,Non-private,,0.0820734053850174,5
6303,8000,16000,5,0.95,0.0005088631644211301,rademacher,0.05,decay,5.662674427032471,9.32103373539826,1.615,0.033,26.868993364057204,Wang-Xu Label-LDP-IHT,,0.7086141705513,5
6303,8000,16000,5,0.95,0.0005088631644211301,rademacher,0.05,decay,5.662674427032471,9.32103373539826,1.615,0.033,26.868993364057204,Zero estimator,,0.9999999403953552,0
6303,8000,16000,5,0.95,0.0005088631644211301,rademacher,0.05,decay,5.662674427032471,9.32103373539826,1.615,0.033,26.868993364057204,Label-LDP Lasso (ours),0.75,0.4424308240413666,13
6303,16000,32000,5,0.95,0.00023739306029136662,gaussian,1.0,decay,5.6611738204956055,10.01427957312695,1.615,0.2564375,28.150582245874634,Non-private,,0.072690948843956,24
6303,16000,32000,5,0.95,0.00023739306029136662,gaussian,1.0,decay,5.6611738204956055,10.01427957312695,1.615,0.2564375,28.150582245874634,Wang-Xu Label-LDP-IHT,,0.6776113510131836,5
6303,16000,32000,5,0.95,0.00023739306029136662,gaussian,1.0,decay,5.6611738204956055,10.01427957312695,1.615,0.2564375,28.150582245874634,Zero estimator,,0.9999999403953552,0
6303,16000,32000,5,0.95,0.00023739306029136662,gaussian,1.0,decay,5.6611738204956055,10.01427957312695,1.615,0.2564375,28.150582245874634,Label-LDP Lasso (ours),0.75,0.635482668876648,18
6303,16000,32000,5,0.95,0.00023739306029136662,bounded_uniform,1.0,decay,5.679137706756592,10.01427957312695,1.615,0.2655,28.150582245874634,Non-private,,0.05388600751757622,20
6303,16000,32000,5,0.95,0.00023739306029136662,bounded_uniform,1.0,decay,5.679137706756592,10.01427957312695,1.615,0.2655,28.150582245874634,Wang-Xu Label-LDP-IHT,,0.7549245357513428,5
6303,16000,32000,5,0.95,0.00023739306029136662,bounded_uniform,1.0,decay,5.679137706756592,10.01427957312695,1.615,0.2655,28.150582245874634,Zero estimator,,0.9999999403953552,0
6303,16000,32000,5,0.95,0.00023739306029136662,bounded_uniform,1.0,decay,5.679137706756592,10.01427957312695,1.615,0.2655,28.150582245874634,Label-LDP Lasso (ours),0.75,0.5460641980171204,19
6303,16000,32000,5,0.95,0.00023739306029136662,rademacher,0.05,decay,5.636616230010986,10.01427957312695,1.615,0.0308125,28.150582245874634,Non-private,,0.06087963655591011,5
6303,16000,32000,5,0.95,0.00023739306029136662,rademacher,0.05,decay,5.636616230010986,10.01427957312695,1.615,0.0308125,28.150582245874634,Wang-Xu Label-LDP-IHT,,0.6991642713546753,5
6303,16000,32000,5,0.95,0.00023739306029136662,rademacher,0.05,decay,5.636616230010986,10.01427957312695,1.615,0.0308125,28.150582245874634,Zero estimator,,0.9999999403953552,0
6303,16000,32000,5,0.95,0.00023739306029136662,rademacher,0.05,decay,5.636616230010986,10.01427957312695,1.615,0.0308125,28.150582245874634,Label-LDP Lasso (ours),0.75,0.4818527102470398,20
6304,2000,4000,5,0.95,0.0023381211195565516,gaussian,1.0,decay,5.678890228271484,7.842271706420105,1.615,0.262,24.102237481813713,Non-private,,0.11110220849514008,16
6304,2000,4000,5,0.95,0.0023381211195565516,gaussian,1.0,decay,5.678890228271484,7.842271706420105,1.615,0.262,24.102237481813713,Wang-Xu Label-LDP-IHT,,1.024695873260498,5
6304,2000,4000,5,0.95,0.0023381211195565516,gaussian,1.0,decay,5.678890228271484,7.842271706420105,1.615,0.262,24.102237481813713,Zero estimator,,0.9999999403953552,0
6304,2000,4000,5,0.95,0.0023381211195565516,gaussian,1.0,decay,5.678890228271484,7.842271706420105,1.615,0.262,24.102237481813713,Label-LDP Lasso (ours),0.75,0.8205404877662659,15
6304,2000,4000,5,0.95,0.0023381211195565516,bounded_uniform,1.0,decay,5.652433395385742,7.842271706420105,1.615,0.2655,24.102237481813713,Non-private,,0.15767598152160645,13
6304,2000,4000,5,0.95,0.0023381211195565516,bounded_uniform,1.0,decay,5.652433395385742,7.842271706420105,1.615,0.2655,24.102237481813713,Wang-Xu Label-LDP-IHT,,1.04010808467865,5
6304,2000,4000,5,0.95,0.0023381211195565516,bounded_uniform,1.0,decay,5.652433395385742,7.842271706420105,1.615,0.2655,24.102237481813713,Zero estimator,,0.9999999403953552,0
6304,2000,4000,5,0.95,0.0023381211195565516,bounded_uniform,1.0,decay,5.652433395385742,7.842271706420105,1.615,0.2655,24.102237481813713,Label-LDP Lasso (ours),0.75,0.8661262392997742,13
6304,2000,4000,5,0.95,0.0023381211195565516,rademacher,0.05,decay,5.699957847595215,7.842271706420105,1.615,0.031,24.102237481813713,Non-private,,0.14708003401756287,5
6304,2000,4000,5,0.95,0.0023381211195565516,rademacher,0.05,decay,5.699957847595215,7.842271706420105,1.615,0.031,24.102237481813713,Wang-Xu Label-LDP-IHT,,0.8637497425079346,5
6304,2000,4000,5,0.95,0.0023381211195565516,rademacher,0.05,decay,5.699957847595215,7.842271706420105,1.615,0.031,24.102237481813713,Zero estimator,,0.9999999403953552,0
6304,2000,4000,5,0.95,0.0023381211195565516,rademacher,0.05,decay,5.699957847595215,7.842271706420105,1.615,0.031,24.102237481813713,Label-LDP Lasso (ours),0.75,0.5301459431648254,8
6304,4000,8000,5,0.95,0.0010907720713776194,gaussian,1.0,decay,5.660982608795166,8.597906550714795,1.615,0.2625,25.52313319351188,Non-private,,0.12964046001434326,19
6304,4000,8000,5,0.95,0.0010907720713776194,gaussian,1.0,decay,5.660982608795166,8.597906550714795,1.615,0.2625,25.52313319351188,Wang-Xu Label-LDP-IHT,,1.4081188440322876,5
6304,4000,8000,5,0.95,0.0010907720713776194,gaussian,1.0,decay,5.660982608795166,8.597906550714795,1.615,0.2625,25.52313319351188,Zero estimator,,0.9999999403953552,0
6304,4000,8000,5,0.95,0.0010907720713776194,gaussian,1.0,decay,5.660982608795166,8.597906550714795,1.615,0.2625,25.52313319351188,Label-LDP Lasso (ours),0.75,1.0016449689865112,5
6304,4000,8000,5,0.95,0.0010907720713776194,bounded_uniform,1.0,decay,5.683134078979492,8.597906550714795,1.615,0.26025,25.52313319351188,Non-private,,0.12244310975074768,19
6304,4000,8000,5,0.95,0.0010907720713776194,bounded_uniform,1.0,decay,5.683134078979492,8.597906550714795,1.615,0.26025,25.52313319351188,Wang-Xu Label-LDP-IHT,,0.8534513711929321,5
6304,4000,8000,5,0.95,0.0010907720713776194,bounded_uniform,1.0,decay,5.683134078979492,8.597906550714795,1.615,0.26025,25.52313319351188,Zero estimator,,0.9999999403953552,0
6304,4000,8000,5,0.95,0.0010907720713776194,bounded_uniform,1.0,decay,5.683134078979492,8.597906550714795,1.615,0.26025,25.52313319351188,Label-LDP Lasso (ours),0.75,0.590723991394043,13
6304,4000,8000,5,0.95,0.0010907720713776194,rademacher,0.05,decay,5.629927635192871,8.597906550714795,1.615,0.02925,25.52313319351188,Non-private,,0.11178572475910187,5
6304,4000,8000,5,0.95,0.0010907720713776194,rademacher,0.05,decay,5.629927635192871,8.597906550714795,1.615,0.02925,25.52313319351188,Wang-Xu Label-LDP-IHT,,0.9141160845756531,5
6304,4000,8000,5,0.95,0.0010907720713776194,rademacher,0.05,decay,5.629927635192871,8.597906550714795,1.615,0.02925,25.52313319351188,Zero estimator,,0.9999999403953552,0
6304,4000,8000,5,0.95,0.0010907720713776194,rademacher,0.05,decay,5.629927635192871,8.597906550714795,1.615,0.02925,25.52313319351188,Label-LDP Lasso (ours),0.75,0.659358561038971,9
6304,8000,16000,5,0.95,0.0005088631644211301,gaussian,1.0,decay,5.664931774139404,9.32103373539826,1.615,0.257625,26.868993364057204,Non-private,,0.08115413039922714,19
6304,8000,16000,5,0.95,0.0005088631644211301,gaussian,1.0,decay,5.664931774139404,9.32103373539826,1.615,0.257625,26.868993364057204,Wang-Xu Label-LDP-IHT,,0.890514075756073,5
6304,8000,16000,5,0.95,0.0005088631644211301,gaussian,1.0,decay,5.664931774139404,9.32103373539826,1.615,0.257625,26.868993364057204,Zero estimator,,0.9999999403953552,0
6304,8000,16000,5,0.95,0.0005088631644211301,gaussian,1.0,decay,5.664931774139404,9.32103373539826,1.615,0.257625,26.868993364057204,Label-LDP Lasso (ours),0.75,0.6945192217826843,20
6304,8000,16000,5,0.95,0.0005088631644211301,bounded_uniform,1.0,decay,5.671904563903809,9.32103373539826,1.615,0.256125,26.868993364057204,Non-private,,0.10839985311031342,16
6304,8000,16000,5,0.95,0.0005088631644211301,bounded_uniform,1.0,decay,5.671904563903809,9.32103373539826,1.615,0.256125,26.868993364057204,Wang-Xu Label-LDP-IHT,,0.8999640345573425,5
6304,8000,16000,5,0.95,0.0005088631644211301,bounded_uniform,1.0,decay,5.671904563903809,9.32103373539826,1.615,0.256125,26.868993364057204,Zero estimator,,0.9999999403953552,0
6304,8000,16000,5,0.95,0.0005088631644211301,bounded_uniform,1.0,decay,5.671904563903809,9.32103373539826,1.615,0.256125,26.868993364057204,Label-LDP Lasso (ours),0.75,0.7091524004936218,22
6304,8000,16000,5,0.95,0.0005088631644211301,rademacher,0.05,decay,5.636931896209717,9.32103373539826,1.615,0.035,26.868993364057204,Non-private,,0.0815810039639473,5
6304,8000,16000,5,0.95,0.0005088631644211301,rademacher,0.05,decay,5.636931896209717,9.32103373539826,1.615,0.035,26.868993364057204,Wang-Xu Label-LDP-IHT,,0.7279604077339172,5
6304,8000,16000,5,0.95,0.0005088631644211301,rademacher,0.05,decay,5.636931896209717,9.32103373539826,1.615,0.035,26.868993364057204,Zero estimator,,0.9999999403953552,0
6304,8000,16000,5,0.95,0.0005088631644211301,rademacher,0.05,decay,5.636931896209717,9.32103373539826,1.615,0.035,26.868993364057204,Label-LDP Lasso (ours),0.75,0.4824541211128235,10
6304,16000,32000,5,0.95,0.00023739306029136662,gaussian,1.0,decay,5.611440658569336,10.01427957312695,1.615,0.2529375,28.150582245874634,Non-private,,0.06410219520330429,21
6304,16000,32000,5,0.95,0.00023739306029136662,gaussian,1.0,decay,5.611440658569336,10.01427957312695,1.615,0.2529375,28.150582245874634,Wang-Xu Label-LDP-IHT,,0.786808431148529,5
6304,16000,32000,5,0.95,0.00023739306029136662,gaussian,1.0,decay,5.611440658569336,10.01427957312695,1.615,0.2529375,28.150582245874634,Zero estimator,,0.9999999403953552,0
6304,16000,32000,5,0.95,0.00023739306029136662,gaussian,1.0,decay,5.611440658569336,10.01427957312695,1.615,0.2529375,28.150582245874634,Label-LDP Lasso (ours),0.75,0.6757400631904602,26
6304,16000,32000,5,0.95,0.00023739306029136662,bounded_uniform,1.0,decay,5.6288652420043945,10.01427957312695,1.615,0.2581875,28.150582245874634,Non-private,,0.07859202474355698,28
6304,16000,32000,5,0.95,0.00023739306029136662,bounded_uniform,1.0,decay,5.6288652420043945,10.01427957312695,1.615,0.2581875,28.150582245874634,Wang-Xu Label-LDP-IHT,,0.8178554773330688,5
6304,16000,32000,5,0.95,0.00023739306029136662,bounded_uniform,1.0,decay,5.6288652420043945,10.01427957312695,1.615,0.2581875,28.150582245874634,Zero estimator,,0.9999999403953552,0
6304,16000,32000,5,0.95,0.00023739306029136662,bounded_uniform,1.0,decay,5.6288652420043945,10.01427957312695,1.615,0.2581875,28.150582245874634,Label-LDP Lasso (ours),0.75,0.6679726243019104,31
6304,16000,32000,5,0.95,0.00023739306029136662,rademacher,0.05,decay,5.630113124847412,10.01427957312695,1.615,0.032625,28.150582245874634,Non-private,,0.06071371212601662,5
6304,16000,32000,5,0.95,0.00023739306029136662,rademacher,0.05,decay,5.630113124847412,10.01427957312695,1.615,0.032625,28.150582245874634,Wang-Xu Label-LDP-IHT,,0.7406381368637085,5
6304,16000,32000,5,0.95,0.00023739306029136662,rademacher,0.05,decay,5.630113124847412,10.01427957312695,1.615,0.032625,28.150582245874634,Zero estimator,,0.9999999403953552,0
6304,16000,32000,5,0.95,0.00023739306029136662,rademacher,0.05,decay,5.630113124847412,10.01427957312695,1.615,0.032625,28.150582245874634,Label-LDP Lasso (ours),0.75,0.5253550410270691,28
6305,2000,4000,5,0.95,0.0023381211195565516,gaussian,1.0,decay,5.761860370635986,7.842271706420105,1.615,0.2585,24.102237481813713,Non-private,,0.15688014030456543,14
6305,2000,4000,5,0.95,0.0023381211195565516,gaussian,1.0,decay,5.761860370635986,7.842271706420105,1.615,0.2585,24.102237481813713,Wang-Xu Label-LDP-IHT,,0.9856793880462646,5
6305,2000,4000,5,0.95,0.0023381211195565516,gaussian,1.0,decay,5.761860370635986,7.842271706420105,1.615,0.2585,24.102237481813713,Zero estimator,,0.9999999403953552,0
6305,2000,4000,5,0.95,0.0023381211195565516,gaussian,1.0,decay,5.761860370635986,7.842271706420105,1.615,0.2585,24.102237481813713,Label-LDP Lasso (ours),0.75,0.6866394281387329,12
6305,2000,4000,5,0.95,0.0023381211195565516,bounded_uniform,1.0,decay,5.705157279968262,7.842271706420105,1.615,0.2495,24.102237481813713,Non-private,,0.18057088553905487,11
6305,2000,4000,5,0.95,0.0023381211195565516,bounded_uniform,1.0,decay,5.705157279968262,7.842271706420105,1.615,0.2495,24.102237481813713,Wang-Xu Label-LDP-IHT,,1.4142135381698608,5
6305,2000,4000,5,0.95,0.0023381211195565516,bounded_uniform,1.0,decay,5.705157279968262,7.842271706420105,1.615,0.2495,24.102237481813713,Zero estimator,,0.9999999403953552,0
6305,2000,4000,5,0.95,0.0023381211195565516,bounded_uniform,1.0,decay,5.705157279968262,7.842271706420105,1.615,0.2495,24.102237481813713,Label-LDP Lasso (ours),0.75,1.0295711755752563,12
6305,2000,4000,5,0.95,0.0023381211195565516,rademacher,0.05,decay,5.6416401863098145,7.842271706420105,1.615,0.0305,24.102237481813713,Non-private,,0.16019488871097565,5
6305,2000,4000,5,0.95,0.0023381211195565516,rademacher,0.05,decay,5.6416401863098145,7.842271706420105,1.615,0.0305,24.102237481813713,Wang-Xu Label-LDP-IHT,,0.8759490847587585,5
6305,2000,4000,5,0.95,0.0023381211195565516,rademacher,0.05,decay,5.6416401863098145,7.842271706420105,1.615,0.0305,24.102237481813713,Zero estimator,,0.9999999403953552,0
6305,2000,4000,5,0.95,0.0023381211195565516,rademacher,0.05,decay,5.6416401863098145,7.842271706420105,1.615,0.0305,24.102237481813713,Label-LDP Lasso (ours),0.75,0.577914297580719,5
6305,4000,8000,5,0.95,0.0010907720713776194,gaussian,1.0,decay,5.655359268188477,8.597906550714795,1.615,0.2575,25.52313319351188,Non-private,,0.11515892297029495,16
6305,4000,8000,5,0.95,0.0010907720713776194,gaussian,1.0,decay,5.655359268188477,8.597906550714795,1.615,0.2575,25.52313319351188,Wang-Xu Label-LDP-IHT,,0.9619129300117493,5
6305,4000,8000,5,0.95,0.0010907720713776194,gaussian,1.0,decay,5.655359268188477,8.597906550714795,1.615,0.2575,25.52313319351188,Zero estimator,,0.9999999403953552,0
6305,4000,8000,5,0.95,0.0010907720713776194,gaussian,1.0,decay,5.655359268188477,8.597906550714795,1.615,0.2575,25.52313319351188,Label-LDP Lasso (ours),0.75,0.7626142501831055,10
6305,4000,8000,5,0.95,0.0010907720713776194,bounded_uniform,1.0,decay,5.679403781890869,8.597906550714795,1.615,0.265,25.52313319351188,Non-private,,0.10476943105459213,22
6305,4000,8000,5,0.95,0.0010907720713776194,bounded_uniform,1.0,decay,5.679403781890869,8.597906550714795,1.615,0.265,25.52313319351188,Wang-Xu Label-LDP-IHT,,0.9462956786155701,5
6305,4000,8000,5,0.95,0.0010907720713776194,bounded_uniform,1.0,decay,5.679403781890869,8.597906550714795,1.615,0.265,25.52313319351188,Zero estimator,,0.9999999403953552,0
6305,4000,8000,5,0.95,0.0010907720713776194,bounded_uniform,1.0,decay,5.679403781890869,8.597906550714795,1.615,0.265,25.52313319351188,Label-LDP Lasso (ours),0.75,0.7829533815383911,8
6305,4000,8000,5,0.95,0.0010907720713776194,rademacher,0.05,decay,5.620233058929443,8.597906550714795,1.615,0.0345,25.52313319351188,Non-private,,0.1116551011800766,5
6305,4000,8000,5,0.95,0.0010907720713776194,rademacher,0.05,decay,5.620233058929443,8.597906550714795,1.615,0.0345,25.52313319351188,Wang-Xu Label-LDP-IHT,,0.8690792322158813,5
6305,4000,8000,5,0.95,0.0010907720713776194,rademacher,0.05,decay,5.620233058929443,8.597906550714795,1.615,0.0345,25.52313319351188,Zero estimator,,0.9999999403953552,0
6305,4000,8000,5,0.95,0.0010907720713776194,rademacher,0.05,decay,5.620233058929443,8.597906550714795,1.615,0.0345,25.52313319351188,Label-LDP Lasso (ours),0.75,0.6179406642913818,7
6305,8000,16000,5,0.95,0.0005088631644211301,gaussian,1.0,decay,5.652212142944336,9.32103373539826,1.615,0.24825,26.868993364057204,Non-private,,0.08101102709770203,16
6305,8000,16000,5,0.95,0.0005088631644211301,gaussian,1.0,decay,5.652212142944336,9.32103373539826,1.615,0.24825,26.868993364057204,Wang-Xu Label-LDP-IHT,,0.9771896004676819,5
6305,8000,16000,5,0.95,0.0005088631644211301,gaussian,1.0,decay,5.652212142944336,9.32103373539826,1.615,0.24825,26.868993364057204,Zero estimator,,0.9999999403953552,0
6305,8000,16000,5,0.95,0.0005088631644211301,gaussian,1.0,decay,5.652212142944336,9.32103373539826,1.615,0.24825,26.868993364057204,Label-LDP Lasso (ours),0.75,0.8014339804649353,17
6305,8000,16000,5,0.95,0.0005088631644211301,bounded_uniform,1.0,decay,5.645049095153809,9.32103373539826,1.615,0.257,26.868993364057204,Non-private,,0.10174845904111862,17
6305,8000,16000,5,0.95,0.0005088631644211301,bounded_uniform,1.0,decay,5.645049095153809,9.32103373539826,1.615,0.257,26.868993364057204,Wang-Xu Label-LDP-IHT,,0.7159715294837952,5
6305,8000,16000,5,0.95,0.0005088631644211301,bounded_uniform,1.0,decay,5.645049095153809,9.32103373539826,1.615,0.257,26.868993364057204,Zero estimator,,0.9999999403953552,0
6305,8000,16000,5,0.95,0.0005088631644211301,bounded_uniform,1.0,decay,5.645049095153809,9.32103373539826,1.615,0.257,26.868993364057204,Label-LDP Lasso (ours),0.75,0.6500586271286011,21
6305,8000,16000,5,0.95,0.0005088631644211301,rademacher,0.05,decay,5.662950038909912,9.32103373539826,1.615,0.0345,26.868993364057204,Non-private,,0.08220323175191879,5
6305,8000,16000,5,0.95,0.0005088631644211301,rademacher,0.05,decay,5.662950038909912,9.32103373539826,1.615,0.0345,26.868993364057204,Wang-Xu Label-LDP-IHT,,0.8786349892616272,5
6305,8000,16000,5,0.95,0.0005088631644211301,rademacher,0.05,decay,5.662950038909912,9.32103373539826,1.615,0.0345,26.868993364057204,Zero estimator,,0.9999999403953552,0
6305,8000,16000,5,0.95,0.0005088631644211301,rademacher,0.05,decay,5.662950038909912,9.32103373539826,1.615,0.0345,26.868993364057204,Label-LDP Lasso (ours),0.75,0.6908261775970459,9
6305,16000,32000,5,0.95,0.00023739306029136662,gaussian,1.0,decay,5.645046710968018,10.01427957312695,1.615,0.2564375,28.150582245874634,Non-private,,0.06517378985881805,28
6305,16000,32000,5,0.95,0.00023739306029136662,gaussian,1.0,decay,5.645046710968018,10.01427957312695,1.615,0.2564375,28.150582245874634,Wang-Xu Label-LDP-IHT,,0.5990011692047119,5
6305,16000,32000,5,0.95,0.00023739306029136662,gaussian,1.0,decay,5.645046710968018,10.01427957312695,1.615,0.2564375,28.150582245874634,Zero estimator,,0.9999999403953552,0
6305,16000,32000,5,0.95,0.00023739306029136662,gaussian,1.0,decay,5.645046710968018,10.01427957312695,1.615,0.2564375,28.150582245874634,Label-LDP Lasso (ours),0.75,0.565472424030304,23
6305,16000,32000,5,0.95,0.00023739306029136662,bounded_uniform,1.0,decay,5.664758682250977,10.01427957312695,1.615,0.263625,28.150582245874634,Non-private,,0.06680856645107269,32
6305,16000,32000,5,0.95,0.00023739306029136662,bounded_uniform,1.0,decay,5.664758682250977,10.01427957312695,1.615,0.263625,28.150582245874634,Wang-Xu Label-LDP-IHT,,0.7581027746200562,5
6305,16000,32000,5,0.95,0.00023739306029136662,bounded_uniform,1.0,decay,5.664758682250977,10.01427957312695,1.615,0.263625,28.150582245874634,Zero estimator,,0.9999999403953552,0
6305,16000,32000,5,0.95,0.00023739306029136662,bounded_uniform,1.0,decay,5.664758682250977,10.01427957312695,1.615,0.263625,28.150582245874634,Label-LDP Lasso (ours),0.75,0.5705128908157349,20
6305,16000,32000,5,0.95,0.00023739306029136662,rademacher,0.05,decay,5.637589454650879,10.01427957312695,1.615,0.032125,28.150582245874634,Non-private,,0.06031208857893944,5
6305,16000,32000,5,0.95,0.00023739306029136662,rademacher,0.05,decay,5.637589454650879,10.01427957312695,1.615,0.032125,28.150582245874634,Wang-Xu Label-LDP-IHT,,0.5648940205574036,5
6305,16000,32000,5,0.95,0.00023739306029136662,rademacher,0.05,decay,5.637589454650879,10.01427957312695,1.615,0.032125,28.150582245874634,Zero estimator,,0.9999999403953552,0
6305,16000,32000,5,0.95,0.00023739306029136662,rademacher,0.05,decay,5.637589454650879,10.01427957312695,1.615,0.032125,28.150582245874634,Label-LDP Lasso (ours),0.75,0.4395524859428406,27
6306,2000,4000,5,0.95,0.0023381211195565516,gaussian,1.0,decay,5.60715389251709,7.842271706420105,1.615,0.234,24.102237481813713,Non-private,,0.2143290489912033,13
6306,2000,4000,5,0.95,0.0023381211195565516,gaussian,1.0,decay,5.60715389251709,7.842271706420105,1.615,0.234,24.102237481813713,Wang-Xu Label-LDP-IHT,,1.0799710750579834,5
6306,2000,4000,5,0.95,0.0023381211195565516,gaussian,1.0,decay,5.60715389251709,7.842271706420105,1.615,0.234,24.102237481813713,Zero estimator,,0.9999999403953552,0
6306,2000,4000,5,0.95,0.0023381211195565516,gaussian,1.0,decay,5.60715389251709,7.842271706420105,1.615,0.234,24.102237481813713,Label-LDP Lasso (ours),0.75,0.9311881065368652,6
6306,2000,4000,5,0.95,0.0023381211195565516,bounded_uniform,1.0,decay,5.646398544311523,7.842271706420105,1.615,0.2695,24.102237481813713,Non-private,,0.1470361053943634,15
6306,2000,4000,5,0.95,0.0023381211195565516,bounded_uniform,1.0,decay,5.646398544311523,7.842271706420105,1.615,0.2695,24.102237481813713,Wang-Xu Label-LDP-IHT,,0.9825048446655273,5
6306,2000,4000,5,0.95,0.0023381211195565516,bounded_uniform,1.0,decay,5.646398544311523,7.842271706420105,1.615,0.2695,24.102237481813713,Zero estimator,,0.9999999403953552,0
6306,2000,4000,5,0.95,0.0023381211195565516,bounded_uniform,1.0,decay,5.646398544311523,7.842271706420105,1.615,0.2695,24.102237481813713,Label-LDP Lasso (ours),0.75,0.7327834963798523,9
6306,2000,4000,5,0.95,0.0023381211195565516,rademacher,0.05,decay,5.722391128540039,7.842271706420105,1.615,0.0345,24.102237481813713,Non-private,,0.1490292102098465,5
6306,2000,4000,5,0.95,0.0023381211195565516,rademacher,0.05,decay,5.722391128540039,7.842271706420105,1.615,0.0345,24.102237481813713,Wang-Xu Label-LDP-IHT,,1.0186346769332886,5
6306,2000,4000,5,0.95,0.0023381211195565516,rademacher,0.05,decay,5.722391128540039,7.842271706420105,1.615,0.0345,24.102237481813713,Zero estimator,,0.9999999403953552,0
6306,2000,4000,5,0.95,0.0023381211195565516,rademacher,0.05,decay,5.722391128540039,7.842271706420105,1.615,0.0345,24.102237481813713,Label-LDP Lasso (ours),0.75,0.7968177199363708,9
6306,4000,8000,5,0.95,0.0010907720713776194,gaussian,1.0,decay,5.649704456329346,8.597906550714795,1.615,0.247,25.52313319351188,Non-private,,0.11855989694595337,13
6306,4000,8000,5,0.95,0.0010907720713776194,gaussian,1.0,decay,5.649704456329346,8.597906550714795,1.615,0.247,25.52313319351188,Wang-Xu Label-LDP-IHT,,0.9552711248397827,5
6306,4000,8000,5,0.95,0.0010907720713776194,gaussian,1.0,decay,5.649704456329346,8.597906550714795,1.615,0.247,25.52313319351188,Zero estimator,,0.9999999403953552,0
6306,4000,8000,5,0.95,0.0010907720713776194,gaussian,1.0,decay,5.649704456329346,8.597906550714795,1.615,0.247,25.52313319351188,Label-LDP Lasso (ours),0.75,0.742919385433197,18
6306,4000,8000,5,0.95,0.0010907720713776194,bounded_uniform,1.0,decay,5.683520317077637,8.597906550714795,1.615,0.26325,25.52313319351188,Non-private,,0.09329947829246521,15
6306,4000,8000,5,0.95,0.0010907720713776194,bounded_uniform,1.0,decay,5.683520317077637,8.597906550714795,1.615,0.26325,25.52313319351188,Wang-Xu Label-LDP-IHT,,0.9704262018203735,5
6306,4000,8000,5,0.95,0.0010907720713776194,bounded_uniform,1.0,decay,5.683520317077637,8.597906550714795,1.615,0.26325,25.52313319351188,Zero estimator,,0.9999999403953552,0
6306,4000,8000,5,0.95,0.0010907720713776194,bounded_uniform,1.0,decay,5.683520317077637,8.597906550714795,1.615,0.26325,25.52313319351188,Label-LDP Lasso (ours),0.75,0.7621546387672424,12
6306,4000,8000,5,0.95,0.0010907720713776194,rademacher,0.05,decay,5.683001518249512,8.597906550714795,1.615,0.02875,25.52313319351188,Non-private,,0.11550837755203247,5
6306,4000,8000,5,0.95,0.0010907720713776194,rademacher,0.05,decay,5.683001518249512,8.597906550714795,1.615,0.02875,25.52313319351188,Wang-Xu Label-LDP-IHT,,1.0171505212783813,5
6306,4000,8000,5,0.95,0.0010907720713776194,rademacher,0.05,decay,5.683001518249512,8.597906550714795,1.615,0.02875,25.52313319351188,Zero estimator,,0.9999999403953552,0
6306,4000,8000,5,0.95,0.0010907720713776194,rademacher,0.05,decay,5.683001518249512,8.597906550714795,1.615,0.02875,25.52313319351188,Label-LDP Lasso (ours),0.75,0.8546755909919739,14
6306,8000,16000,5,0.95,0.0005088631644211301,gaussian,1.0,decay,5.6717023849487305,9.32103373539826,1.615,0.25075,26.868993364057204,Non-private,,0.09709619730710983,17
6306,8000,16000,5,0.95,0.0005088631644211301,gaussian,1.0,decay,5.6717023849487305,9.32103373539826,1.615,0.25075,26.868993364057204,Wang-Xu Label-LDP-IHT,,0.938418984413147,5
6306,8000,16000,5,0.95,0.0005088631644211301,gaussian,1.0,decay,5.6717023849487305,9.32103373539826,1.615,0.25075,26.868993364057204,Zero estimator,,0.9999999403953552,0
6306,8000,16000,5,0.95,0.0005088631644211301,gaussian,1.0,decay,5.6717023849487305,9.32103373539826,1.615,0.25075,26.868993364057204,Label-LDP Lasso (ours),0.75,0.7610355019569397,23
6306,8000,16000,5,0.95,0.0005088631644211301,bounded_uniform,1.0,decay,5.679057598114014,9.32103373539826,1.615,0.258375,26.868993364057204,Non-private,,0.07575757801532745,23
6306,8000,16000,5,0.95,0.0005088631644211301,bounded_uniform,1.0,decay,5.679057598114014,9.32103373539826,1.615,0.258375,26.868993364057204,Wang-Xu Label-LDP-IHT,,0.9006741046905518,5
6306,8000,16000,5,0.95,0.0005088631644211301,bounded_uniform,1.0,decay,5.679057598114014,9.32103373539826,1.615,0.258375,26.868993364057204,Zero estimator,,0.9999999403953552,0
6306,8000,16000,5,0.95,0.0005088631644211301,bounded_uniform,1.0,decay,5.679057598114014,9.32103373539826,1.615,0.258375,26.868993364057204,Label-LDP Lasso (ours),0.75,0.7374505996704102,17
6306,8000,16000,5,0.95,0.0005088631644211301,rademacher,0.05,decay,5.6511430740356445,9.32103373539826,1.615,0.03425,26.868993364057204,Non-private,,0.08134924620389938,5
6306,8000,16000,5,0.95,0.0005088631644211301,rademacher,0.05,decay,5.6511430740356445,9.32103373539826,1.615,0.03425,26.868993364057204,Wang-Xu Label-LDP-IHT,,0.7375972867012024,5
6306,8000,16000,5,0.95,0.0005088631644211301,rademacher,0.05,decay,5.6511430740356445,9.32103373539826,1.615,0.03425,26.868993364057204,Zero estimator,,0.9999999403953552,0
6306,8000,16000,5,0.95,0.0005088631644211301,rademacher,0.05,decay,5.6511430740356445,9.32103373539826,1.615,0.03425,26.868993364057204,Label-LDP Lasso (ours),0.75,0.48055973649024963,19
6306,16000,32000,5,0.95,0.00023739306029136662,gaussian,1.0,decay,5.651400089263916,10.01427957312695,1.615,0.247125,28.150582245874634,Non-private,,0.07168427109718323,32
6306,16000,32000,5,0.95,0.00023739306029136662,gaussian,1.0,decay,5.651400089263916,10.01427957312695,1.615,0.247125,28.150582245874634,Wang-Xu Label-LDP-IHT,,0.6789617538452148,5
6306,16000,32000,5,0.95,0.00023739306029136662,gaussian,1.0,decay,5.651400089263916,10.01427957312695,1.615,0.247125,28.150582245874634,Zero estimator,,0.9999999403953552,0
6306,16000,32000,5,0.95,0.00023739306029136662,gaussian,1.0,decay,5.651400089263916,10.01427957312695,1.615,0.247125,28.150582245874634,Label-LDP Lasso (ours),0.75,0.6576399207115173,20
6306,16000,32000,5,0.95,0.00023739306029136662,bounded_uniform,1.0,decay,5.642907619476318,10.01427957312695,1.615,0.2534375,28.150582245874634,Non-private,,0.08103413134813309,26
6306,16000,32000,5,0.95,0.00023739306029136662,bounded_uniform,1.0,decay,5.642907619476318,10.01427957312695,1.615,0.2534375,28.150582245874634,Wang-Xu Label-LDP-IHT,,0.7697757482528687,5
6306,16000,32000,5,0.95,0.00023739306029136662,bounded_uniform,1.0,decay,5.642907619476318,10.01427957312695,1.615,0.2534375,28.150582245874634,Zero estimator,,0.9999999403953552,0
6306,16000,32000,5,0.95,0.00023739306029136662,bounded_uniform,1.0,decay,5.642907619476318,10.01427957312695,1.615,0.2534375,28.150582245874634,Label-LDP Lasso (ours),0.75,0.6291013360023499,20
6306,16000,32000,5,0.95,0.00023739306029136662,rademacher,0.05,decay,5.627691745758057,10.01427957312695,1.615,0.0321875,28.150582245874634,Non-private,,0.06173872947692871,5
6306,16000,32000,5,0.95,0.00023739306029136662,rademacher,0.05,decay,5.627691745758057,10.01427957312695,1.615,0.0321875,28.150582245874634,Wang-Xu Label-LDP-IHT,,0.733399510383606,5
6306,16000,32000,5,0.95,0.00023739306029136662,rademacher,0.05,decay,5.627691745758057,10.01427957312695,1.615,0.0321875,28.150582245874634,Zero estimator,,0.9999999403953552,0
6306,16000,32000,5,0.95,0.00023739306029136662,rademacher,0.05,decay,5.627691745758057,10.01427957312695,1.615,0.0321875,28.150582245874634,Label-LDP Lasso (ours),0.75,0.566055953502655,15
6307,2000,4000,5,0.95,0.0023381211195565516,gaussian,1.0,decay,5.712871551513672,7.842271706420105,1.615,0.24,24.102237481813713,Non-private,,0.17449624836444855,19
6307,2000,4000,5,0.95,0.0023381211195565516,gaussian,1.0,decay,5.712871551513672,7.842271706420105,1.615,0.24,24.102237481813713,Wang-Xu Label-LDP-IHT,,0.9338578581809998,5
6307,2000,4000,5,0.95,0.0023381211195565516,gaussian,1.0,decay,5.712871551513672,7.842271706420105,1.615,0.24,24.102237481813713,Zero estimator,,0.9999999403953552,0
6307,2000,4000,5,0.95,0.0023381211195565516,gaussian,1.0,decay,5.712871551513672,7.842271706420105,1.615,0.24,24.102237481813713,Label-LDP Lasso (ours),0.75,0.7065885663032532,7
6307,2000,4000,5,0.95,0.0023381211195565516,bounded_uniform,1.0,decay,5.715492248535156,7.842271706420105,1.615,0.2695,24.102237481813713,Non-private,,0.11905868351459503,14
6307,2000,4000,5,0.95,0.0023381211195565516,bounded_uniform,1.0,decay,5.715492248535156,7.842271706420105,1.615,0.2695,24.102237481813713,Wang-Xu Label-LDP-IHT,,1.4142135381698608,5
6307,2000,4000,5,0.95,0.0023381211195565516,bounded_uniform,1.0,decay,5.715492248535156,7.842271706420105,1.615,0.2695,24.102237481813713,Zero estimator,,0.9999999403953552,0
6307,2000,4000,5,0.95,0.0023381211195565516,bounded_uniform,1.0,decay,5.715492248535156,7.842271706420105,1.615,0.2695,24.102237481813713,Label-LDP Lasso (ours),0.75,1.012539029121399,9
6307,2000,4000,5,0.95,0.0023381211195565516,rademacher,0.05,decay,5.650633811950684,7.842271706420105,1.615,0.036,24.102237481813713,Non-private,,0.14614206552505493,5
6307,2000,4000,5,0.95,0.0023381211195565516,rademacher,0.05,decay,5.650633811950684,7.842271706420105,1.615,0.036,24.102237481813713,Wang-Xu Label-LDP-IHT,,0.935276985168457,5
6307,2000,4000,5,0.95,0.0023381211195565516,rademacher,0.05,decay,5.650633811950684,7.842271706420105,1.615,0.036,24.102237481813713,Zero estimator,,0.9999999403953552,0
6307,2000,4000,5,0.95,0.0023381211195565516,rademacher,0.05,decay,5.650633811950684,7.842271706420105,1.615,0.036,24.102237481813713,Label-LDP Lasso (ours),0.75,0.6661350727081299,8
6307,4000,8000,5,0.95,0.0010907720713776194,gaussian,1.0,decay,5.6410322189331055,8.597906550714795,1.615,0.24675,25.52313319351188,Non-private,,0.11864066869020462,12
6307,4000,8000,5,0.95,0.0010907720713776194,gaussian,1.0,decay,5.6410322189331055,8.597906550714795,1.615,0.24675,25.52313319351188,Wang-Xu Label-LDP-IHT,,0.8814938068389893,5
6307,4000,8000,5,0.95,0.0010907720713776194,gaussian,1.0,decay,5.6410322189331055,8.597906550714795,1.615,0.24675,25.52313319351188,Zero estimator,,0.9999999403953552,0
6307,4000,8000,5,0.95,0.0010907720713776194,gaussian,1.0,decay,5.6410322189331055,8.597906550714795,1.615,0.24675,25.52313319351188,Label-LDP Lasso (ours),0.75,0.6239726543426514,12
6307,4000,8000,5,0.95,0.0010907720713776194,bounded_uniform,1.0,decay,5.667150497436523,8.597906550714795,1.615,0.26525,25.52313319351188,Non-private,,0.11059466749429703,23
6307,4000,8000,5,0.95,0.0010907720713776194,bounded_uniform,1.0,decay,5.667150497436523,8.597906550714795,1.615,0.26525,25.52313319351188,Wang-Xu Label-LDP-IHT,,0.8962663412094116,5
6307,4000,8000,5,0.95,0.0010907720713776194,bounded_uniform,1.0,decay,5.667150497436523,8.597906550714795,1.615,0.26525,25.52313319351188,Zero estimator,,0.9999999403953552,0
6307,4000,8000,5,0.95,0.0010907720713776194,bounded_uniform,1.0,decay,5.667150497436523,8.597906550714795,1.615,0.26525,25.52313319351188,Label-LDP Lasso (ours),0.75,0.6372750401496887,13
6307,4000,8000,5,0.95,0.0010907720713776194,rademacher,0.05,decay,5.648229598999023,8.597906550714795,1.615,0.03075,25.52313319351188,Non-private,,0.11414619535207748,5
6307,4000,8000,5,0.95,0.0010907720713776194,rademacher,0.05,decay,5.648229598999023,8.597906550714795,1.615,0.03075,25.52313319351188,Wang-Xu Label-LDP-IHT,,0.9320424199104309,5
6307,4000,8000,5,0.95,0.0010907720713776194,rademacher,0.05,decay,5.648229598999023,8.597906550714795,1.615,0.03075,25.52313319351188,Zero estimator,,0.9999999403953552,0
6307,4000,8000,5,0.95,0.0010907720713776194,rademacher,0.05,decay,5.648229598999023,8.597906550714795,1.615,0.03075,25.52313319351188,Label-LDP Lasso (ours),0.75,0.6843048334121704,13
6307,8000,16000,5,0.95,0.0005088631644211301,gaussian,1.0,decay,5.639150619506836,9.32103373539826,1.615,0.25075,26.868993364057204,Non-private,,0.08604905009269714,18
6307,8000,16000,5,0.95,0.0005088631644211301,gaussian,1.0,decay,5.639150619506836,9.32103373539826,1.615,0.25075,26.868993364057204,Wang-Xu Label-LDP-IHT,,0.863145112991333,5
6307,8000,16000,5,0.95,0.0005088631644211301,gaussian,1.0,decay,5.639150619506836,9.32103373539826,1.615,0.25075,26.868993364057204,Zero estimator,,0.9999999403953552,0
6307,8000,16000,5,0.95,0.0005088631644211301,gaussian,1.0,decay,5.639150619506836,9.32103373539826,1.615,0.25075,26.868993364057204,Label-LDP Lasso (ours),0.75,0.6619915962219238,11
6307,8000,16000,5,0.95,0.0005088631644211301,bounded_uniform,1.0,decay,5.672313213348389,9.32103373539826,1.615,0.259625,26.868993364057204,Non-private,,0.06487789750099182,23
6307,8000,16000,5,0.95,0.0005088631644211301,bounded_uniform,1.0,decay,5.672313213348389,9.32103373539826,1.615,0.259625,26.868993364057204,Wang-Xu Label-LDP-IHT,,0.8618073463439941,5
6307,8000,16000,5,0.95,0.0005088631644211301,bounded_uniform,1.0,decay,5.672313213348389,9.32103373539826,1.615,0.259625,26.868993364057204,Zero estimator,,0.9999999403953552,0
6307,8000,16000,5,0.95,0.0005088631644211301,bounded_uniform,1.0,decay,5.672313213348389,9.32103373539826,1.615,0.259625,26.868993364057204,Label-LDP Lasso (ours),0.75,0.6822354197502136,16
6307,8000,16000,5,0.95,0.0005088631644211301,rademacher,0.05,decay,5.66573429107666,9.32103373539826,1.615,0.029875,26.868993364057204,Non-private,,0.08324859291315079,5
6307,8000,16000,5,0.95,0.0005088631644211301,rademacher,0.05,decay,5.66573429107666,9.32103373539826,1.615,0.029875,26.868993364057204,Wang-Xu Label-LDP-IHT,,0.7807961702346802,5
6307,8000,16000,5,0.95,0.0005088631644211301,rademacher,0.05,decay,5.66573429107666,9.32103373539826,1.615,0.029875,26.868993364057204,Zero estimator,,0.9999999403953552,0
6307,8000,16000,5,0.95,0.0005088631644211301,rademacher,0.05,decay,5.66573429107666,9.32103373539826,1.615,0.029875,26.868993364057204,Label-LDP Lasso (ours),0.75,0.5229280591011047,18
6307,16000,32000,5,0.95,0.00023739306029136662,gaussian,1.0,decay,5.6765360832214355,10.01427957312695,1.615,0.246875,28.150582245874634,Non-private,,0.07099132239818573,26
6307,16000,32000,5,0.95,0.00023739306029136662,gaussian,1.0,decay,5.6765360832214355,10.01427957312695,1.615,0.246875,28.150582245874634,Wang-Xu Label-LDP-IHT,,0.7884561419487,5
6307,16000,32000,5,0.95,0.00023739306029136662,gaussian,1.0,decay,5.6765360832214355,10.01427957312695,1.615,0.246875,28.150582245874634,Zero estimator,,0.9999999403953552,0
6307,16000,32000,5,0.95,0.00023739306029136662,gaussian,1.0,decay,5.6765360832214355,10.01427957312695,1.615,0.246875,28.150582245874634,Label-LDP Lasso (ours),0.75,0.6799485087394714,15
6307,16000,32000,5,0.95,0.00023739306029136662,bounded_uniform,1.0,decay,5.676419734954834,10.01427957312695,1.615,0.26375,28.150582245874634,Non-private,,0.059245068579912186,26
6307,16000,32000,5,0.95,0.00023739306029136662,bounded_uniform,1.0,decay,5.676419734954834,10.01427957312695,1.615,0.26375,28.150582245874634,Wang-Xu Label-LDP-IHT,,0.7748426795005798,5
6307,16000,32000,5,0.95,0.00023739306029136662,bounded_uniform,1.0,decay,5.676419734954834,10.01427957312695,1.615,0.26375,28.150582245874634,Zero estimator,,0.9999999403953552,0
6307,16000,32000,5,0.95,0.00023739306029136662,bounded_uniform,1.0,decay,5.676419734954834,10.01427957312695,1.615,0.26375,28.150582245874634,Label-LDP Lasso (ours),0.75,0.5765314102172852,22
6307,16000,32000,5,0.95,0.00023739306029136662,rademacher,0.05,decay,5.657281875610352,10.01427957312695,1.615,0.03225,28.150582245874634,Non-private,,0.059943173080682755,5
6307,16000,32000,5,0.95,0.00023739306029136662,rademacher,0.05,decay,5.657281875610352,10.01427957312695,1.615,0.03225,28.150582245874634,Wang-Xu Label-LDP-IHT,,0.7245946526527405,5
6307,16000,32000,5,0.95,0.00023739306029136662,rademacher,0.05,decay,5.657281875610352,10.01427957312695,1.615,0.03225,28.150582245874634,Zero estimator,,0.9999999403953552,0
6307,16000,32000,5,0.95,0.00023739306029136662,rademacher,0.05,decay,5.657281875610352,10.01427957312695,1.615,0.03225,28.150582245874634,Label-LDP Lasso (ours),0.75,0.5168522000312805,30
6308,2000,4000,5,0.95,0.0023381211195565516,gaussian,1.0,decay,5.671375274658203,7.842271706420105,1.615,0.2635,24.102237481813713,Non-private,,0.16173575818538666,16
6308,2000,4000,5,0.95,0.0023381211195565516,gaussian,1.0,decay,5.671375274658203,7.842271706420105,1.615,0.2635,24.102237481813713,Wang-Xu Label-LDP-IHT,,0.9430680871009827,5
6308,2000,4000,5,0.95,0.0023381211195565516,gaussian,1.0,decay,5.671375274658203,7.842271706420105,1.615,0.2635,24.102237481813713,Zero estimator,,0.9999999403953552,0
6308,2000,4000,5,0.95,0.0023381211195565516,gaussian,1.0,decay,5.671375274658203,7.842271706420105,1.615,0.2635,24.102237481813713,Label-LDP Lasso (ours),0.75,0.6638790965080261,8
6308,2000,4000,5,0.95,0.0023381211195565516,bounded_uniform,1.0,decay,5.651955604553223,7.842271706420105,1.615,0.2585,24.102237481813713,Non-private,,0.1518944352865219,10
6308,2000,4000,5,0.95,0.0023381211195565516,bounded_uniform,1.0,decay,5.651955604553223,7.842271706420105,1.615,0.2585,24.102237481813713,Wang-Xu Label-LDP-IHT,,1.0524413585662842,5
6308,2000,4000,5,0.95,0.0023381211195565516,bounded_uniform,1.0,decay,5.651955604553223,7.842271706420105,1.615,0.2585,24.102237481813713,Zero estimator,,0.9999999403953552,0
6308,2000,4000,5,0.95,0.0023381211195565516,bounded_uniform,1.0,decay,5.651955604553223,7.842271706420105,1.615,0.2585,24.102237481813713,Label-LDP Lasso (ours),0.75,0.8861437439918518,15
6308,2000,4000,5,0.95,0.0023381211195565516,rademacher,0.05,decay,5.692647933959961,7.842271706420105,1.615,0.0325,24.102237481813713,Non-private,,0.15872228145599365,5
6308,2000,4000,5,0.95,0.0023381211195565516,rademacher,0.05,decay,5.692647933959961,7.842271706420105,1.615,0.0325,24.102237481813713,Wang-Xu Label-LDP-IHT,,0.9511240124702454,5
6308,2000,4000,5,0.95,0.0023381211195565516,rademacher,0.05,decay,5.692647933959961,7.842271706420105,1.615,0.0325,24.102237481813713,Zero estimator,,0.9999999403953552,0
6308,2000,4000,5,0.95,0.0023381211195565516,rademacher,0.05,decay,5.692647933959961,7.842271706420105,1.615,0.0325,24.102237481813713,Label-LDP Lasso (ours),0.75,0.6592146158218384,10
6308,4000,8000,5,0.95,0.0010907720713776194,gaussian,1.0,decay,5.729355335235596,8.597906550714795,1.615,0.2395,25.52313319351188,Non-private,,0.15106691420078278,14
6308,4000,8000,5,0.95,0.0010907720713776194,gaussian,1.0,decay,5.729355335235596,8.597906550714795,1.615,0.2395,25.52313319351188,Wang-Xu Label-LDP-IHT,,0.9972022175788879,5
6308,4000,8000,5,0.95,0.0010907720713776194,gaussian,1.0,decay,5.729355335235596,8.597906550714795,1.615,0.2395,25.52313319351188,Zero estimator,,0.9999999403953552,0
6308,4000,8000,5,0.95,0.0010907720713776194,gaussian,1.0,decay,5.729355335235596,8.597906550714795,1.615,0.2395,25.52313319351188,Label-LDP Lasso (ours),0.75,0.7748587131500244,14
6308,4000,8000,5,0.95,0.0010907720713776194,bounded_uniform,1.0,decay,5.646389007568359,8.597906550714795,1.615,0.27025,25.52313319351188,Non-private,,0.12195351719856262,16
6308,4000,8000,5,0.95,0.0010907720713776194,bounded_uniform,1.0,decay,5.646389007568359,8.597906550714795,1.615,0.27025,25.52313319351188,Wang-Xu Label-LDP-IHT,,0.8680112957954407,5
6308,4000,8000,5,0.95,0.0010907720713776194,bounded_uniform,1.0,decay,5.646389007568359,8.597906550714795,1.615,0.27025,25.52313319351188,Zero estimator,,0.9999999403953552,0
6308,4000,8000,5,0.95,0.0010907720713776194,bounded_uniform,1.0,decay,5.646389007568359,8.597906550714795,1.615,0.27025,25.52313319351188,Label-LDP Lasso (ours),0.75,0.6008023023605347,13
6308,4000,8000,5,0.95,0.0010907720713776194,rademacher,0.05,decay,5.682013511657715,8.597906550714795,1.615,0.029,25.52313319351188,Non-private,,0.11203435808420181,5
6308,4000,8000,5,0.95,0.0010907720713776194,rademacher,0.05,decay,5.682013511657715,8.597906550714795,1.615,0.029,25.52313319351188,Wang-Xu Label-LDP-IHT,,0.8364865183830261,5
6308,4000,8000,5,0.95,0.0010907720713776194,rademacher,0.05,decay,5.682013511657715,8.597906550714795,1.615,0.029,25.52313319351188,Zero estimator,,0.9999999403953552,0
6308,4000,8000,5,0.95,0.0010907720713776194,rademacher,0.05,decay,5.682013511657715,8.597906550714795,1.615,0.029,25.52313319351188,Label-LDP Lasso (ours),0.75,0.5383374691009521,20
6308,8000,16000,5,0.95,0.0005088631644211301,gaussian,1.0,decay,5.653285980224609,9.32103373539826,1.615,0.253375,26.868993364057204,Non-private,,0.08093409240245819,18
6308,8000,16000,5,0.95,0.0005088631644211301,gaussian,1.0,decay,5.653285980224609,9.32103373539826,1.615,0.253375,26.868993364057204,Wang-Xu Label-LDP-IHT,,0.8974835872650146,5
6308,8000,16000,5,0.95,0.0005088631644211301,gaussian,1.0,decay,5.653285980224609,9.32103373539826,1.615,0.253375,26.868993364057204,Zero estimator,,0.9999999403953552,0
6308,8000,16000,5,0.95,0.0005088631644211301,gaussian,1.0,decay,5.653285980224609,9.32103373539826,1.615,0.253375,26.868993364057204,Label-LDP Lasso (ours),0.75,0.7238805294036865,20
6308,8000,16000,5,0.95,0.0005088631644211301,bounded_uniform,1.0,decay,5.657323837280273,9.32103373539826,1.615,0.272,26.868993364057204,Non-private,,0.09113108366727829,23
6308,8000,16000,5,0.95,0.0005088631644211301,bounded_uniform,1.0,decay,5.657323837280273,9.32103373539826,1.615,0.272,26.868993364057204,Wang-Xu Label-LDP-IHT,,0.9091656804084778,5
6308,8000,16000,5,0.95,0.0005088631644211301,bounded_uniform,1.0,decay,5.657323837280273,9.32103373539826,1.615,0.272,26.868993364057204,Zero estimator,,0.9999999403953552,0
6308,8000,16000,5,0.95,0.0005088631644211301,bounded_uniform,1.0,decay,5.657323837280273,9.32103373539826,1.615,0.272,26.868993364057204,Label-LDP Lasso (ours),0.75,0.6986990571022034,17
6308,8000,16000,5,0.95,0.0005088631644211301,rademacher,0.05,decay,5.668242454528809,9.32103373539826,1.615,0.03425,26.868993364057204,Non-private,,0.08283153176307678,5
6308,8000,16000,5,0.95,0.0005088631644211301,rademacher,0.05,decay,5.668242454528809,9.32103373539826,1.615,0.03425,26.868993364057204,Wang-Xu Label-LDP-IHT,,0.773362934589386,5
6308,8000,16000,5,0.95,0.0005088631644211301,rademacher,0.05,decay,5.668242454528809,9.32103373539826,1.615,0.03425,26.868993364057204,Zero estimator,,0.9999999403953552,0
6308,8000,16000,5,0.95,0.0005088631644211301,rademacher,0.05,decay,5.668242454528809,9.32103373539826,1.615,0.03425,26.868993364057204,Label-LDP Lasso (ours),0.75,0.5407307147979736,14
6308,16000,32000,5,0.95,0.00023739306029136662,gaussian,1.0,decay,5.648438453674316,10.01427957312695,1.615,0.254375,28.150582245874634,Non-private,,0.056490521878004074,20
6308,16000,32000,5,0.95,0.00023739306029136662,gaussian,1.0,decay,5.648438453674316,10.01427957312695,1.615,0.254375,28.150582245874634,Wang-Xu Label-LDP-IHT,,0.7922192811965942,5
6308,16000,32000,5,0.95,0.00023739306029136662,gaussian,1.0,decay,5.648438453674316,10.01427957312695,1.615,0.254375,28.150582245874634,Zero estimator,,0.9999999403953552,0
6308,16000,32000,5,0.95,0.00023739306029136662,gaussian,1.0,decay,5.648438453674316,10.01427957312695,1.615,0.254375,28.150582245874634,Label-LDP Lasso (ours),0.75,0.6305652260780334,31
6308,16000,32000,5,0.95,0.00023739306029136662,bounded_uniform,1.0,decay,5.6465630531311035,10.01427957312695,1.615,0.2548125,28.150582245874634,Non-private,,0.07125652581453323,28
6308,16000,32000,5,0.95,0.00023739306029136662,bounded_uniform,1.0,decay,5.6465630531311035,10.01427957312695,1.615,0.2548125,28.150582245874634,Wang-Xu Label-LDP-IHT,,0.5825488567352295,5
6308,16000,32000,5,0.95,0.00023739306029136662,bounded_uniform,1.0,decay,5.6465630531311035,10.01427957312695,1.615,0.2548125,28.150582245874634,Zero estimator,,0.9999999403953552,0
6308,16000,32000,5,0.95,0.00023739306029136662,bounded_uniform,1.0,decay,5.6465630531311035,10.01427957312695,1.615,0.2548125,28.150582245874634,Label-LDP Lasso (ours),0.75,0.548435389995575,18
6308,16000,32000,5,0.95,0.00023739306029136662,rademacher,0.05,decay,5.671115398406982,10.01427957312695,1.615,0.0308125,28.150582245874634,Non-private,,0.06073075532913208,5
6308,16000,32000,5,0.95,0.00023739306029136662,rademacher,0.05,decay,5.671115398406982,10.01427957312695,1.615,0.0308125,28.150582245874634,Wang-Xu Label-LDP-IHT,,0.5166611671447754,5
6308,16000,32000,5,0.95,0.00023739306029136662,rademacher,0.05,decay,5.671115398406982,10.01427957312695,1.615,0.0308125,28.150582245874634,Zero estimator,,0.9999999403953552,0
6308,16000,32000,5,0.95,0.00023739306029136662,rademacher,0.05,decay,5.671115398406982,10.01427957312695,1.615,0.0308125,28.150582245874634,Label-LDP Lasso (ours),0.75,0.38201704621315,26
